-2.640858761317278480e-01,-5.364843110780852520e-01,4.327038146623392589e-01,-1.507693484401413375e-01,1.872405882108239883e+00,6.193965495524486053e-01,1.595195480285492851e-01,-1.246851877387050445e-01,7.310539685224870521e-01,-3.007035474882702175e-02,-1.612086020067537429e-01,8.079728226657921786e-01,5.668847211677187081e-01,-5.499456336570154313e-01,-8.621410377521787627e-02,5.610707910393141207e-01,1.021106873357796374e+00,1.291407606857911006e+00,-5.503095886064606201e-01,5.723618549198070671e-01,4.507953602963977735e-01,2.512471694509341158e-01,4.504279746322059075e-01,-3.418639295871665484e-01,-6.144511275932408589e-02,-4.678847171295343887e-01,-1.339440398130079535e-01,2.651777333690930050e-01,-3.458303758626545266e-01,-1.983767634279886838e-01,-3.435863500597997056e-01,-4.226028207493597866e-01,-3.356230654184095274e-01,-6.332299459450680193e-03,-5.586551743176388918e-01,1.172078489085460751e-01
-3.735791468754188216e-01,1.846227300513873182e+00,2.540387738801448345e-02,6.815021767153233156e-01,1.095457742333733053e+00,2.050127568239421105e+00,1.060079476240814556e+00,1.308601554853709548e+00,1.150085159977913829e+00,8.238750767532406760e-01,-5.712590990110700817e-01,8.253286387935612201e-01,-1.044471166873890550e-01,1.293311595591098762e+00,4.194917069372524621e-01,1.465551040651778658e+00,1.142793662627129336e+00,1.442570582135364043e+00,-3.771989704983264025e-01,6.264340776166439362e-01,2.564649102090044153e-01,-1.490464175513578349e-01,2.442590732687485167e-01,-3.778585651052786265e-02,5.658146937257134690e-01,7.599084082110993954e-01,1.092787703266580701e+00,-6.982481677440688372e-01,-7.220569027147947239e-01,-2.522329314732256189e-01,8.001853472391523558e-02,4.380844605581124540e-01,1.578174736208026174e-01,-1.011100607912001514e+00,-1.531020063141859122e-01,4.139873213036230903e-01
-1.111640713051796348e-01,8.996209655350012602e-01,9.328069549414215456e-02,1.205025823604128243e+00,1.099149860063384887e+00,1.059504322903729312e+00,6.646688568554847132e-01,1.188781893160459679e+00,1.060910635495718513e+00,1.564741953955959719e+00,5.994589399507534999e-01,1.092578208741971979e+00,-1.876424750450571000e-01,6.806347962728888090e-01,2.117471770320564495e-01,1.038670034174279611e+00,8.280731622144621440e-01,1.021798428417123539e+00,-3.100004219740646327e-01,3.490160170361094605e-01,-2.235642823929991085e-01,1.612253852402749432e+00,1.201745820895399941e+00,1.296789261618533473e+00,-5.474559228705209168e-01,8.469121652933404854e-02,3.702782255481373852e-01,-4.768503009039672946e-01,8.668907469981890213e-01,1.630727334667927964e-02,-6.865586601233778508e-01,1.575796960211458819e-01,4.230803237925166993e-01,-4.297579704159931735e-01,1.175272989332053708e+00,-6.561417056187158758e-01
5.607088541178320007e-01,1.204450268968413784e+00,-1.230847793788917774e-02,6.124191904154201449e-01,1.636877965079388320e+00,1.983550874627367344e+00,7.100906777662396863e-02,1.618082015226410153e+00,1.813825376574453196e+00,1.169005848287237859e+00,-5.996340161675930425e-01,1.431672658772010776e+00,-9.046015103907523169e-02,6.980396861033713041e-01,-6.150290678334808803e-01,1.275268747988107743e+00,1.396403432959673729e+00,6.882346351601041912e-01,2.602881685366854048e-01,-5.721706948115713454e-01,4.009305159356723602e-01,2.328364921207276908e-02,-9.328488595367438740e-02,-5.087293626457260742e-02,4.344430785029339548e-01,3.752058199325040699e-01,2.647326621763546051e-01,6.885060499869304074e-02,3.891056395635295734e-02,3.091901309992622360e-01,1.162472795893689514e-01,3.412757034322426164e-01,-1.550583867590299980e-01,-1.217418882053569407e+00,5.194123009297070270e-01,1.093489823487128865e+00
-6.822237194801650251e-02,9.404729061125950418e-01,8.704704150002299384e-03,4.389906356265558252e-01,7.414527710398860494e-01,5.014865861748685205e-01,1.124399580693885126e+00,8.516794238145686258e-01,1.247605661988980152e+00,9.126484201287494713e-01,4.931675939106209827e-01,1.106766950667720906e+00,1.095349864484866709e+00,5.181953855445375901e-02,-3.234583441274540005e-01,1.450743445824355549e+00,2.264162853403199005e+00,8.756826111422699732e-01,2.183449658919455263e-02,-1.131571212568025925e-01,6.657285562937959034e-01,8.563460682619905562e-01,1.340034919939052216e+00,8.400992005506644489e-01,-6.362793776229971332e-01,1.567738602317160779e-01,2.515924067176630308e-01,6.466129412661308917e-01,9.447764867913418518e-01,-3.086810318561804545e-01,2.813805483095131454e-01,1.203685461188661182e-01,1.403325385613194975e-01,-3.655635187363887734e-02,1.580169284996884915e+00,1.847463581878618644e-01
3.011596401478145446e-01,1.210141101823529741e+00,4.054758364017778671e-01,1.522221047353629508e+00,7.995609041055367072e-01,1.412002809225203936e+00,7.188472844904550962e-01,1.977439037504517216e+00,3.340241667413759163e-01,1.196557198006082956e-01,-8.253606329120500851e-01,5.547222079184757071e-01,-5.595576992798639848e-01,1.978039451851820951e+00,-1.632497490390921180e-01,3.286621053112820379e-01,1.557191488389896072e+00,7.067380305892037029e-01,-6.184266882706986879e-01,4.379194638246497462e-01,3.116810882890163614e-01,7.825216585223861987e-01,1.703770000120614192e+00,1.064550789855362778e+00,8.084747994286500816e-01,2.513704409999521494e-01,7.794027703099296600e-01,5.470134821271408626e-02,3.901278015104836516e-01,1.224684324530698643e+00,-2.728870839912838631e-01,-9.941893144444836905e-02,-3.501992524606272750e-01,-1.016972244822792054e-01,1.121334720540897223e+00,1.009150894370020174e-01
-5.911590632548168189e-01,6.671227409004367725e-01,-8.370979038094660263e-01,1.412514912219492880e+00,7.508932181844609755e-01,8.445075108485745607e-01,9.990542585809981668e-01,3.016897877022840513e-01,5.693418196119790498e-01,1.337355762843986273e+00,3.092695653931465949e-01,7.784140346496810636e-01,9.052674570627281536e-01,3.471365387211312603e-01,-1.724936050774897311e-01,8.845801284322653002e-01,-3.965425000732700767e-01,1.968764406808039880e+00,1.831660072700291297e-01,-5.222946909538958016e-01,1.025586721428722203e+00,2.928310000861912288e-01,2.147630700109822433e-01,-3.034991991000230427e-01,5.311136201760890269e-02,-7.628401581146788679e-01,3.975130472124223657e-01,-1.872191594216103261e-01,6.702409827731156677e-02,6.010274310998529046e-01,1.423740554245289669e-01,1.312337227316343058e-01,1.382496524110918279e-01,-3.666358019476564367e-01,4.180023597171343974e-01,7.716795554022418679e-01
-4.386407594590941428e-01,5.661063885635371218e-01,-7.204380121459199593e-01,6.161265354142180239e-01,-1.270899338036841630e-01,6.999219712404929350e-01,6.090441586565996657e-01,7.812455085857095138e-01,1.047712543595628931e+00,4.607250343297557005e-01,3.037509789975337271e-02,1.055623775038583706e-01,8.263783652807804581e-03,1.088593860137980318e+00,-5.582350089423722128e-01,4.046355048663929921e-02,-9.328949675573314226e-02,-2.841224044292365095e-02,1.246168277968324301e+00,-3.403390705044428977e-01,-4.225401370231490067e-02,8.513190586132481918e-01,1.208651002487431292e+00,1.392385325507794702e+00,5.222873688131554060e-01,1.292955215551307768e+00,1.032891660109417131e+00,-7.355784629163124588e-01,5.849140523424429805e-01,-4.402887999220854720e-01,8.604511392283549220e-01,1.811424542977000396e+00,1.006676338173588370e+00,-3.473467976436131477e-01,1.310901752152786148e+00,-2.999022655354237066e-01
6.943896981851341854e-01,-3.306721215765093258e-01,1.515428556186015241e+00,4.122923125167287095e-01,3.272900762933502183e-01,-2.559422380383210432e-02,-3.627985595672137409e-01,-4.338843388117951672e-01,-6.798866305029466206e-02,-3.986348927465648284e-01,1.413378561242101261e-01,-4.130487159236601036e-01,3.105413504195042029e-01,4.780608520623482183e-01,-3.529202537011419394e-01,5.963430338773467732e-01,-1.189709678760913214e-01,5.776439430441125955e-01,1.219083173645618690e+00,5.611641608285461436e-01,-4.985098977648412255e-01,9.466030066103874319e-01,1.725714630295467789e+00,6.909815761592106309e-01,-1.860061284039749019e-02,2.870540926177223007e-02,-1.253220326338030599e+00,-1.057081960958413003e+00,7.941804184057587035e-01,6.392640414208609068e-01,7.788853602434135937e-01,1.161763676800716016e+00,9.450042549181966178e-01,4.274472718012346274e-03,9.159005801276419723e-01,-8.709017215399535161e-02
5.050635886673622288e-01,4.600089666238815767e-01,-9.752867043795059032e-02,1.402696712116090705e+00,6.493277868714115719e-01,7.313884880623308105e-01,7.813192513504163550e-02,-9.511051254243074737e-02,-2.243690163358113832e-01,6.637759806067018431e-01,-2.787473608930216562e-01,1.469584372098243996e+00,-9.716617028341764106e-01,1.762471821846665065e-01,-1.182184759064933560e-01,1.363906749999824530e+00,1.257536806819682829e+00,-3.912672338264613359e-01,1.292323305238713083e+00,1.621371217242105200e-01,1.093141831327621057e-02,7.656630918610543013e-01,1.426640610977811141e+00,7.934853451444838779e-01,1.917358813324843370e+00,1.282191427747156887e+00,1.068914033719741141e+00,-3.927669984601177555e-01,1.220371798835740984e-01,3.573947987429076933e-01,1.426352030862643172e+00,1.017680048527378700e+00,2.306033771276784217e-01,-2.239475923580593053e-01,1.308992766960167309e+00,-9.208816282687266874e-02
-5.799259273619811889e-02,9.122705156691237605e-01,-4.669573278132506666e-01,7.334898369582003586e-01,2.867222897397340153e-01,1.883979974155513215e+00,7.623135624310088954e-01,1.238805090908778661e+00,4.890570276793453353e-01,1.397264119800541105e+00,-9.365804888176507692e-01,1.460307559027478108e+00,-1.768396243935545578e-02,2.055302526800354634e+00,-6.532670364220092285e-01,1.038190240079795990e+00,1.183615906941932305e+00,1.616449596188118676e+00,7.885715193046123339e-01,4.323220326214370635e-02,-1.071233364538684230e+00,-4.150844320113539765e-01,2.258079752776207816e-01,5.520871631516067746e-01,8.591318654671935562e-01,2.028177761599146756e+00,8.801246132245466036e-01,-3.032624588740494634e-02,-1.206751500586893844e+00,-8.887831879029937099e-01,6.110705866862935487e-01,1.557920553962084398e+00,1.155136143891883682e+00,-1.047123908111406099e+00,-1.143829144350812094e-01,8.066806872815577290e-01
-2.395785493930399634e-01,1.750835794141394619e-01,8.582363187044281944e-03,-2.145711391175468830e-01,6.042281642759814719e-01,5.578509013922431370e-01,4.204307790705518744e-01,-5.144360878676879772e-02,5.734501881997414729e-01,-2.485128957933792002e-02,2.333216336144203762e-01,5.168434339697505209e-01,4.044221801328410359e-01,8.948773416031355898e-01,2.256420080200854383e-01,-8.420299929341186207e-01,-5.800850524911380646e-01,6.750534093408629976e-01,8.343584150336859073e-01,1.932695725665455055e-01,-4.257278282654133883e-01,1.500440711840150598e+00,8.075838755836047822e-01,1.729054119304759940e+00,7.338829895509112466e-01,1.559066698358847702e+00,3.371980524104344346e-01,-3.611959527070754405e-01,1.549498166373589614e+00,-4.508172452379989870e-01,5.887664055478740721e-01,1.360855646056346346e+00,6.873289992670059689e-01,-2.969215336272548189e-01,8.280496453948038571e-01,-5.000845949362578979e-01
-3.466434834524143721e-02,-5.419603358676990806e-02,2.250777563835894834e-01,8.826675502595358047e-01,4.354849012661211605e-01,-2.542285671377003675e-01,3.887096026244313829e-01,-5.938558605154464071e-02,-9.949909190186220775e-02,9.332356875760625670e-01,-2.094689488390615306e-01,-2.395924575637029263e-01,-9.760526436226162339e-01,-7.011645727265684025e-01,2.255614693672992888e-01,-3.474604505926195408e-01,2.577069008916205162e-01,-5.574355261829684327e-01,6.163450868341326938e-01,3.372853534780018703e-01,7.304461902315390054e-01,1.296236400712009962e+00,1.598915420860625547e+00,1.852297085686203548e+00,1.520044576577047613e+00,5.407799808499870187e-01,-5.267235625377106323e-02,3.150978353424555012e-01,7.925765493558822872e-01,2.259730186606115354e-01,2.104218573027673012e-01,5.856860105717971443e-01,1.264439872792586961e+00,-1.118543255556235350e+00,4.461437488577237875e-01,-8.859158955071130478e-03
-3.997737453458799495e-01,-1.457972977504163603e-01,-1.294914267002661712e-01,9.464659877932879439e-02,-2.818943672911513598e-01,4.484320366129508628e-02,-3.005784003246917413e-01,2.780367550386926290e-01,8.469045566440405182e-01,9.843488962514572449e-02,8.493462767378584521e-02,-5.820039855806010687e-01,3.466831128301922638e-01,-3.790336642781161336e-01,-4.044235982360642745e-01,2.787197264290167120e-01,9.051937217893542276e-02,5.535877254745311671e-01,1.721438464248154609e+00,-2.698407811012462076e-01,6.418849507797218246e-02,8.802075917876611699e-01,4.832696251145286448e-01,3.565245251516345748e-01,1.653103032567724284e+00,6.976985154178120263e-01,3.182917047073154371e-01,7.046266946820041177e-01,8.104561428108737475e-01,-4.030924086911120696e-01,8.741628961842877743e-01,1.191357586862181961e+00,8.555013284950920838e-01,-1.959081199040242083e-01,3.420006640909765139e-01,-1.767049914335071803e-01
-7.828690753279526904e-01,1.506911233485852764e+00,-1.113556315925007256e+00,-8.496668023611478882e-01,-1.379230312805716785e-01,6.144777928253486454e-01,1.654852952841326719e+00,4.225086825353178144e-01,9.111839020082245222e-01,-7.552281875437844016e-01,5.056035318874542162e-01,-7.382813302600901295e-01,-7.159787250361882016e-02,1.516491889474875565e+00,-1.112070142649542875e-01,7.350801719128701173e-01,-4.350041115954260129e-01,1.845952347734368670e-01,4.266410929118665818e-01,-6.985586522053623126e-02,6.931571321231594363e-01,2.740647923440965306e-01,-8.187247965041708486e-01,1.979301352018981719e+00,3.243218220453336076e-01,5.367164691179483055e-02,-6.994064093332381660e-01,4.088390940280822033e-02,-2.299714154203435779e-01,3.221768330151611459e-01,1.858351456059326723e-01,9.265047425346895071e-01,7.112568626315889098e-02,2.567527399942737265e-01,1.862284257557212108e-01,-7.424490152969683010e-02
3.900135676693147202e-01,-3.147208020268900119e-01,-5.567180514864951135e-01,9.662949875265728350e-01,1.580719990837196942e+00,9.862353068660110189e-01,8.732175446139862629e-01,-3.875351435367174191e-01,7.082026883290258590e-02,-2.581519304828745476e-01,-2.978339404551451630e-01,8.454393406790688958e-01,2.554688872460446070e-01,8.553309193355677076e-01,1.747179468187002455e-02,1.726958790804408839e+00,1.330840538232991310e+00,1.493176090106032028e+00,7.669225715870360283e-01,6.924956718243193698e-01,-5.364821393558224516e-01,2.475793056001582837e-01,-4.760310503531294812e-01,-2.590727761993774081e-01,2.692981976389469123e-01,7.418260456769889544e-01,1.755584482554826686e-01,-3.438523153931923731e-02,-6.738824706268318199e-01,7.353699283456844871e-01,1.168610469154229392e+00,1.504032716537881509e+00,1.392613459817344079e+00,-3.324338834836066403e-01,-9.725234793060195670e-01,-4.577121841158530713e-01
1.965546224269917597e-01,-9.119599263125969246e-01,5.835375829999820407e-01,9.801656499547589663e-01,1.442912899482953648e+00,1.094930824691547899e+00,3.990318976494715564e-01,-5.096601963180002332e-02,3.716782717569311334e-01,2.452136578879783313e-01,-5.403553462227532744e-01,1.362737002240767881e+00,-1.958912810474833927e-02,-1.143770856101062605e-01,-8.980614732567897274e-02,1.250862554672582672e+00,7.033281228787904293e-01,1.255153798372627971e+00,-4.578959245343395823e-01,-2.036260215099828796e-01,4.924758358596054708e-01,1.535626213922945293e+00,4.514228198723189145e-01,1.419317373614188638e+00,-5.195911610174515083e-01,3.665116158595391749e-01,-9.494060296596473769e-01,-5.585553462195562702e-01,7.455138610885692074e-01,-8.324297744297967649e-02,7.118072146744935935e-01,4.519995870017634587e-01,7.877339542861904187e-01,6.033039490177840580e-01,8.585682241825777217e-01,-1.331634421593600459e-01
-5.323006077776993444e-02,-3.954982033469232050e-01,-2.280587775743426748e-01,5.100548741690996701e-01,1.346287173769677992e+00,7.606638217921692924e-01,8.354742253294595855e-01,1.673552732335248816e+00,4.754661274156919415e-01,1.158329447578327231e+00,-9.476334737382330342e-01,1.044864558722325532e+00,2.051328726984222306e-01,1.429935485898456093e+00,-4.493415966593230504e-01,1.159828470972296799e+00,1.159077099839344704e+00,9.903841829511813577e-01,7.500813936390186842e-02,2.317671608658327387e-01,1.989402124409255790e-01,-4.980054445441998157e-01,-5.979307551622409234e-01,1.252990142659336392e+00,9.598961432140439287e-01,-6.958469380270168037e-01,2.251088710189227404e-01,3.137185413765552489e-01,3.756686175802422811e-01,7.019771822367508463e-02,-4.634359696043121590e-01,-9.121020318154877959e-02,-2.455625688954090335e-01,6.718655801987720444e-02,-1.341856520602883185e-01,-6.583781314350915792e-02
-3.953999768875838816e-01,1.611861105980054720e+00,-2.968395127424958146e-02,1.724494702079117925e+00,7.612095726716395783e-01,1.012999997092829174e+00,3.256517766013788950e-01,1.651267768243090073e+00,8.186939562113706437e-01,2.574217743372728684e-01,-2.962306425766347284e-01,-1.524539688850690133e-01,-1.590858634939572649e-02,1.056243871207097840e+00,1.440390835025752714e-01,1.749054091788516896e+00,8.495119230223308060e-01,1.403727958502634987e+00,1.561193445064999463e-01,-9.666082023700195425e-02,-1.038401010961776949e+00,4.737505836728379549e-01,-2.519869745711587616e-01,8.977945825413212802e-03,-6.352303881927398033e-01,1.414977669055008103e-01,5.401540865617267262e-02,1.470880948538282051e-02,-6.739656464786181189e-02,5.246091453762838919e-01,4.831104312891707497e-01,3.629584262604105827e-01,1.660539378085182260e+00,-3.001126651886574237e-01,-1.897587577669398173e-01,-5.074018454293355296e-01
3.612594957794229567e-02,5.048936674737792840e-01,-7.784707789325157057e-01,6.937789358578279053e-01,9.303240972745393522e-01,6.357312552876492884e-01,2.655818967281125542e-01,2.000420987687741639e-03,1.606329572419158136e-01,6.373925371273169160e-01,7.682681640105493148e-01,9.998124956208219727e-01,6.467748103316541819e-01,-2.194988318331387855e-01,2.950197320804150980e-01,6.603081085013828844e-01,5.245453744746151337e-01,6.478248342382706415e-01,-2.293334303488373666e-02,-1.093667294838545773e-01,7.696035048275313706e-01,-5.743521148184729253e-01,-5.451691662274074091e-01,8.500940733227629886e-01,3.043918294540544078e-01,-9.407054335830298264e-01,2.486345493229885906e-01,1.186663496697982906e-01,-1.072222023364225230e+00,-1.847812126687166379e-01,-8.727475918088986942e-03,3.657012585625328271e-01,4.772478332738437357e-01,4.787338555506733678e-02,5.167254016321186638e-01,-7.313663730567690480e-02
3.389037855599057458e-01,-5.532865336959426061e-01,-1.796120478553694111e-01,2.526909513764588056e-01,6.089704504006736574e-01,-9.703404821824466175e-01,-4.030891059767284790e-01,2.453084618655140478e-02,-2.980431672938310128e-01,4.308115506706019504e-01,-1.043195282728263118e+00,1.809008202855234559e-01,2.129600882514080251e-01,2.454019857081524147e-02,5.511183662926710802e-01,-6.147871267732144540e-01,5.543083789948375362e-01,-3.514602014550843312e-01,3.627752590393665821e-01,-1.621021097426055269e-01,4.071715645744626855e-01,1.390234964879187185e+00,2.679732132097041308e-01,9.227544030947356646e-01,-4.621615927079306824e-02,-1.189376327284162455e-01,-3.778313825509825308e-01,9.257189472867548563e-01,1.104548338287760556e+00,7.775079971665443956e-01,-2.845743267559852074e-01,-5.308983806554240514e-01,6.612388945989230993e-02,-2.816183020587282870e-01,2.195072981166755532e+00,1.227114245945598175e-01
1.778586307880084261e-01,4.247934225474109260e-01,-6.107700755584165309e-02,6.595742129913413354e-01,4.660617117567223966e-01,9.616603186471340825e-01,2.864813629783781179e-01,2.289735381548708704e-01,-8.908774526969493596e-03,6.999306003821934574e-01,7.338263169344473591e-02,1.285902439432494937e+00,-1.840882825851370558e-02,5.618424439610948673e-02,-7.525216282522580180e-02,1.457749634031286323e+00,7.808998663306656596e-01,1.092767810483277646e+00,1.972140150060562869e-01,3.627612791267794123e-01,7.479423829422378045e-01,3.377269046021059706e-01,2.996066177296292099e-01,-7.351185445106566130e-01,3.032019721519184641e-01,1.146858806178588930e+00,-4.150054927838366936e-01,-5.097599247028581360e-01,-1.073269211130113560e-01,5.106240630494506272e-01,2.623752461484119003e-01,-2.385621032346660064e-01,-1.799509086359565857e-02,5.185194908869539265e-01,3.363098740607394777e-01,1.214438484761489523e+00
-4.888865007664834894e-01,1.085978566083795505e+00,2.452805219048194429e-01,3.023584874673365119e-01,7.388217674321524431e-01,8.153720490855159708e-01,1.132821201257142585e+00,8.697669705673101159e-01,1.222548355172285994e+00,1.049056123110995609e+00,5.301637545784037009e-01,1.444161701877536563e-01,8.285623190214628231e-01,1.708837006499680289e+00,2.515854307356768516e-02,1.325161607126172925e+00,1.303274200206647304e+00,6.313551861200340509e-01,8.233253292460331052e-02,3.890870895497832160e-01,1.549083793037441814e-01,1.525660383924375640e+00,1.047498055034580711e+00,1.040375494311509996e+00,-3.839018730122800704e-01,-1.822690248533187507e-01,-2.298588405190340189e-01,8.527417588777211899e-01,1.120252776073681122e+00,-4.997132506790897266e-01,1.992991940807186391e-01,-9.600184831552220632e-02,-1.526882190213152413e+00,2.399261855769087015e-01,2.236506084115822413e-01,2.892322101281210034e-01
-2.233496017385599997e-01,1.021886974605814846e-01,3.061162615640264928e-01,3.724422682203259449e-01,-1.814064427685111239e-02,-4.161976738443445845e-01,9.619077129854625152e-01,-3.029906602692988837e-01,9.017944907432486890e-01,-2.262624866420127889e-01,5.806428466709037117e-01,5.349827694750665108e-01,-5.227671236884472439e-01,1.776422535031147720e-01,3.776960145954276760e-01,3.504910607616220641e-01,-9.946872514194800285e-02,1.509800227030724529e-01,-1.973448404977788118e-01,-5.859066896105611377e-01,4.920061184701202683e-01,7.201592890407215730e-01,1.689879095803108466e+00,1.301225450619804880e+00,-4.463233367564420351e-01,-8.059915977061868353e-02,-1.431924576975868724e-01,-4.354438248259805411e-01,1.250714794946665043e+00,-2.393070369305922152e-01,8.158457568153986150e-01,4.304456205092148102e-01,-4.400945322707898733e-01,-9.500260773658269348e-03,8.866199039152080630e-01,-7.822539269055982514e-01
4.627506073511928331e-01,-2.284939287967687471e-01,5.344929858094589203e-01,-1.048764677112770660e-01,4.675738897955374340e-01,9.062639075587702875e-01,7.005494065237641288e-02,-7.095743885722434197e-01,-1.584505982641731259e-01,3.204929331917531488e-01,6.099371895153107292e-01,-5.668960176967889897e-01,-9.527414883072596319e-02,1.166695631300608826e-01,2.174991621314205648e-01,4.552118015015419461e-01,-4.742198282268983989e-01,-2.117391486127679634e-01,1.503983238800289168e+00,1.961674555621537586e-01,2.241903253908437144e-01,1.562661749332126870e+00,1.052026694854544697e+00,1.264001711035918074e+00,8.427180690413563768e-01,3.274949898658123804e-01,-6.476289426405436034e-01,3.716027684131585629e-02,9.002196410018917794e-01,-3.273015842624890093e-01,1.159007148209584503e+00,5.548642239458755343e-01,1.055668633191485073e+00,-9.761279160136653379e-03,5.800055426938763858e-01,-1.149102940268925899e+00
1.968938656246593255e-01,8.859296546497719138e-01,2.901650563016146545e-01,5.133662073753799682e-01,1.087583864609034334e+00,9.732581536324218519e-01,9.084690065190133001e-01,8.894855491058322183e-01,1.099879777596313835e+00,1.466360706844045847e+00,-2.650599001000257249e-01,7.963799879940346438e-01,8.028249587125578512e-02,9.399250121856255191e-01,1.928011461721626241e-01,1.359145367877171440e+00,1.645594451425437921e+00,9.417779258641679752e-01,-1.138648998330182849e+00,-3.481226972756455706e-02,1.769352134414201860e-01,-9.347750826637478416e-02,-7.661808088354583879e-02,-1.216254256323556548e+00,2.539921683076896142e-01,-1.620161645100033077e-01,-7.555383039551013535e-01,-4.357110327974788033e-01,-4.324149707327936132e-01,3.043745411708511095e-01,2.808190482617026751e-01,7.573751912411255116e-01,3.239624061564591040e-01,-6.758246926588371561e-01,-7.046046382360956484e-01,5.653626772645654608e-01
2.794014940925557133e-01,-7.524456418897561560e-01,-9.719608791658936875e-01,4.129881617285781070e-01,8.214062371984918176e-01,7.393118072959810050e-01,-1.150570317256335989e-01,-2.455072163495551074e-01,3.396505724748314359e-01,1.713773475663672219e+00,1.809873138021766276e-02,2.014998743720230578e+00,-3.172023551504230543e-01,-2.625516969694696168e-01,1.938673313714750490e-01,8.226006189946629688e-01,1.588526127888320705e+00,6.794460924010554681e-01,6.613469925543199457e-01,9.708750814688851816e-02,1.282726390358389867e+00,7.679425471758971611e-01,8.986530461462688413e-01,1.072825908643243897e+00,-1.090513983540974730e+00,3.011325637692688351e-01,2.404230566325843699e-01,5.465918195271764202e-02,2.278021093066509017e-01,-7.732805199843285626e-01,2.933092593004222315e-01,5.875893437786775531e-01,7.972323159111106561e-01,-4.477207619749596912e-01,4.846009861206082014e-01,-1.359693998422752126e-01
4.258948187576580002e-01,8.173012506847074921e-01,1.395777268173319097e-01,8.202768242776344865e-01,2.054364689995354931e-01,9.568195756946000496e-02,-8.572059373876669830e-02,9.346852288599771796e-02,-1.274264736219445360e-01,-7.045537619507910576e-02,-3.309459174698362594e-01,1.295159508960018191e-01,7.224207508893228623e-03,-7.397900173080560471e-01,-1.203502508759931589e-01,-4.278356961972492600e-01,-1.024100229370387583e+00,2.419418246706616926e-01,7.793441272611906223e-01,1.184865094532451923e+00,7.812097647464816275e-01,5.645992236959695987e-01,1.587622496354026858e+00,1.559949501778069347e+00,-9.939147656973108536e-01,4.306442576957251189e-01,3.135885176957627363e-01,8.140412515339590094e-02,1.144308357838402568e+00,2.915369137204199337e-02,8.159679243275140825e-01,-2.008944169159435356e-01,-9.996969661063973001e-02,3.694491853091927229e-03,1.137832037575035926e+00,-8.816249004956157043e-01
2.845622979123893503e-01,1.098657995873895121e+00,-9.322063564194207896e-02,-1.776207567484808236e-01,4.805707116976031673e-02,7.602617046671451828e-02,1.577630877709075286e+00,1.173028873142337059e+00,9.332556653169696848e-01,9.932825554712000349e-01,-6.397130781567610391e-01,-6.701045879517503190e-01,1.773010260564139573e-01,8.938133572546897998e-01,-8.872979941124168324e-01,-1.561148306889061088e-01,-3.553278853403914472e-01,5.655643002124809415e-01,6.893741147848775341e-01,5.253073244336361469e-01,2.298908501050919151e-01,8.968345439775601280e-01,1.010585914294074517e+00,1.214329369816943061e+00,-1.540192568141496299e-01,1.163534203784683640e+00,-1.895598054004193345e-01,8.989596831940558364e-01,6.543655216189188106e-01,5.712819600026107780e-01,-2.574623122028889544e-01,1.407312507492144205e+00,1.138051376961637606e+00,-1.235082454428676757e-01,9.395553447568317784e-01,-1.302802953111756035e-01
1.117360868812942831e+00,2.342310242915064677e-02,1.453939732343527691e-01,7.809727462561882882e-01,1.087027233080864352e+00,1.088972778980805245e+00,-1.306009597282558610e-01,4.316316994687073860e-01,-4.615389785421646907e-01,9.349023958991622418e-01,2.525268761460487954e-01,8.664979103290426643e-01,-6.119398252876223632e-01,2.791321092838186524e-01,-4.910804790143344922e-01,7.763459191233113010e-01,5.859262054058630431e-01,9.446357929794507724e-01,-2.146929866065065973e-01,-2.372949335397040171e-01,3.404894636570257038e-01,8.813044507083238610e-01,-1.787571070095065051e-01,2.613275870490610608e-01,-1.777067452460707742e-01,4.947112301624812664e-02,5.638756724751147198e-01,2.514661951352429106e-02,-4.077736756023730980e-01,-3.649633061438197212e-01,-3.083732125305833072e-01,-6.652110653748473899e-03,4.290057260455404919e-01,-6.793984205509647767e-01,-5.186445846774923041e-01,-4.622706057880238140e-01
-7.121668375905008119e-01,1.647091156629587161e+00,-3.508242660819818060e-01,-2.036848425871921331e-01,-4.944822285457687872e-01,-4.749319297438295284e-01,3.381272943857229762e-01,1.108166478810236999e+00,3.428994837365889614e-01,-1.209009326614363944e-01,-4.600772121699845882e-03,3.333053427030552296e-01,5.019586119977379607e-02,1.160662916731293848e+00,2.572057802831611006e-01,-8.625432629858606828e-03,1.816739592871325359e-01,-4.898600957224897856e-01,6.122647826480389632e-01,9.487554035696751376e-01,-5.867107188278833374e-03,-3.552503373334774395e-01,6.899399505354733009e-01,-7.842130525738423563e-02,6.767544866080030808e-01,2.755042257389774818e-01,3.897459330261057731e-01,-5.431504536054458931e-01,-2.695162900100185333e-01,3.220499939714676629e-01,1.091816787129060273e+00,9.567865630790959308e-01,8.930061092192358441e-01,5.729636770671608925e-01,1.115137073900839493e+00,-2.743804145761926661e-01
-2.153403135369745258e-01,7.010157287498808287e-01,-4.567217048273865543e-01,6.880474236656688447e-01,1.130937739470170067e+00,7.064854974225980300e-01,1.438099931325178993e+00,1.061627731786396467e+00,8.014371585719290980e-01,1.443044960103495811e+00,1.594859128602302001e-01,1.132433812892885250e+00,5.200192272672400362e-01,1.286632724262519956e+00,-5.444923341902133118e-02,1.468777421433873132e+00,1.154658901102330715e+00,2.458654381436554015e+00,5.493442505235599516e-01,5.766063106873611233e-01,6.454966858142444641e-01,1.039919805628143123e+00,1.656447705764864109e+00,1.011678513784828759e+00,-4.155867015927013353e-01,-2.819932292050783551e-01,2.639752771662696174e-01,-7.805599453293434742e-01,1.104176460727125830e+00,-3.641750427236861709e-01,3.591081912809266918e-01,-3.730868553286735834e-01,9.361516311376631982e-01,3.839090644954313847e-01,3.655705204131001196e-01,8.793796750419170527e-01
7.522609333323357905e-01,-2.892134862658227168e-01,-4.988104209190263316e-01,-5.698500440163918324e-01,7.482026556801070205e-01,8.353646108554622085e-01,-1.742355700596489587e-01,2.688525437204436486e-01,-1.452725137770709534e-03,-3.031515113962120894e-02,4.820113161087091758e-01,2.204780003402217470e-01,1.647449833807385911e-01,-1.462894676799540994e-01,4.078001798554389823e-01,-1.410029512054802869e-01,2.496124403392821489e-02,1.097387468877181471e-01,3.994221723732750418e-01,-1.495474833805721104e-01,-1.563015068325358525e-01,5.060154324915972640e-02,-5.559090453877606475e-01,-5.932758504725043069e-01,1.811731051646543023e+00,1.578221803196823370e+00,4.445196783510512728e-01,9.124093932949934871e-01,2.097976187747797872e-01,-4.553936746358983045e-02,1.241087874216729947e+00,6.035650427491578984e-02,4.509584272894843204e-01,3.793185315107241995e-01,1.630774157833823554e-02,-6.388181675406173765e-01
3.339397806821675641e-01,9.848516102805939809e-01,-4.180247400261923318e-01,1.053797469084257532e+00,1.213462164412842048e+00,8.207056011673476981e-01,1.301517955063349330e+00,1.157215966876235402e+00,1.166557275235749369e+00,-1.626989441079373933e-02,5.405464965105460928e-01,1.862195859975943613e+00,-2.012338122848081612e-01,2.615505094072595460e-01,3.194646597099042862e-01,7.671701337830834078e-01,5.164938144958950428e-01,1.608858127937676574e+00,-6.916896762430819745e-01,3.587143110185286865e-01,-6.238670604529101826e-01,1.731133991387737048e+00,1.258276233021185631e+00,8.713025017465849675e-01,7.468497905744367338e-02,2.910436937416712722e-01,4.149471887155558036e-01,4.138957141461158118e-01,1.273365132958212964e+00,-2.386908311163305763e-01,3.320397737636865410e-01,-6.556621910047466528e-01,5.020465523007454633e-01,4.365029186577656373e-01,1.697040521250214873e+00,-2.943898035842602567e-01
1.589289395511279956e-01,7.866663579807735562e-01,1.536655335235290742e-01,1.034016017334206117e+00,1.497851970705252223e+00,6.857687236226046590e-01,1.169743902784493805e+00,1.146465562840285557e+00,1.378664062148531322e+00,9.635538773940619528e-01,6.365731778604424851e-02,9.645251625495707692e-01,1.703293127692590003e-02,1.004179581378741526e+00,-1.633722756908786156e-01,2.413649897029825020e+00,5.780442560310985467e-01,4.132950468339529060e-01,-3.978133063945624714e-01,-3.550262744965262396e-01,5.718285577708139174e-03,7.154663989213184694e-01,8.441918914975028443e-01,1.186621819815968232e-01,-1.249106357129831313e+00,1.921796765373293969e-01,-6.553272828126969207e-01,-2.503507875937537874e-01,-5.748613940705710190e-01,2.128112898055185831e-01,-3.133037222985259884e-01,3.860598387203496018e-01,2.386511981959420770e-01,-1.200347833763954208e-01,4.028018530104404693e-02,4.587098832011202165e-01
-9.658003343790065934e-03,1.134698726402430635e+00,3.996204355677600017e-01,6.657662617894640755e-01,2.604060994388692762e-01,2.918594198149837213e-02,1.360342967381084511e+00,2.272761812901031853e-01,1.819480801576980111e+00,-6.627456328474929936e-01,4.518547166089780798e-01,-2.820819652726913596e-01,2.536257922696863454e-01,9.417162879716272084e-01,1.517948795343883606e-01,-4.003935197833834447e-01,-1.080314002149833863e+00,2.033278246742690754e-01,6.997478306878590626e-01,-3.243178838007884646e-01,-3.626615683910245358e-01,9.922056244425607741e-01,-2.910962190631664059e-01,1.634064895595275513e-01,4.197784030652814691e-01,1.761548356963992257e+00,-2.781339843081336305e-01,-1.300320904556547363e+00,1.355974936947577758e+00,-5.490743162786093645e-01,1.654466167140750343e+00,1.366536280271223092e+00,1.326089817907514234e+00,-1.157424151854146155e-01,9.459937591254927169e-02,6.119680044584486778e-01
4.641451074625335682e-01,1.041694418617954643e+00,-2.124915975492288889e-01,1.725839454158967001e+00,1.170844299436443414e+00,9.374136677064857093e-01,6.120525880140667008e-01,4.972013890220130516e-01,1.446892052690520458e+00,1.474634043116690441e+00,-1.085355529538535091e+00,6.922541802871224892e-01,4.824440684348129116e-01,2.212153309632257425e+00,1.075176903796447370e+00,1.470933087621062674e+00,1.686666227563055509e+00,7.362902715164996170e-01,1.387267261764489668e+00,-6.185823504656894345e-01,-2.809381731344294808e-01,1.604855416343827501e-01,1.083968535025078062e+00,3.739816646689160806e-01,1.136913545333284370e+00,9.149582186570757170e-01,-6.612214856711248201e-01,3.014315011436721203e-01,-1.745468482916158748e-01,1.195223528152225545e-01,5.553345430127423210e-01,1.060627476851789153e+00,2.314855665302190113e-01,2.519531095948512878e-01,6.598629559859626736e-01,4.569754074395581678e-01
-4.398649008061124022e-01,2.076616734631476113e+00,4.942890422042994780e-01,8.785867892629083409e-01,5.485841287481090234e-01,1.290754641620727838e+00,1.428773776795197348e+00,1.068942433954913840e+00,1.093037258556676772e+00,9.059415832845166827e-01,-1.373697863986707594e-03,1.667570663859315516e+00,7.003089429023450219e-01,2.499115582526040269e-01,6.943943726808551875e-02,3.979493251651486929e-01,3.321522741506959253e-01,1.292976393259753110e+00,5.792153310117554854e-01,-1.576678725095524314e+00,3.225763265642890842e-01,1.641070915044660072e+00,2.019388569789279941e+00,8.018533540786785263e-01,1.722722654006448417e+00,-3.105058179039992261e-01,-5.216998034518430805e-01,2.594846857041728794e-01,1.235767134043642468e+00,6.602089563659100380e-01,1.478344744816031175e+00,9.592149901741501283e-01,1.764623931700717296e+00,3.432413200658228636e-01,1.858544366528161573e+00,-4.021384963616069230e-01
1.501268381600942003e-01,7.852021630498373650e-01,4.029566536692950618e-01,-1.097760835470827784e-01,-1.259260986250416436e-01,-6.632448238883938973e-01,1.154102066918199609e+00,1.557744687047403875e+00,1.504097805455131276e+00,-1.508015992604649247e+00,-8.098228469103279092e-01,1.002570262773295751e+00,-9.381317455561306862e-02,9.255293854277624188e-01,5.826677205696036976e-01,9.832264748345233285e-02,-3.162950711947847826e-01,-1.049234742634592571e-01,1.948580343692940531e+00,-6.906955765609349429e-01,6.506124188645806550e-01,8.438039424042818037e-01,8.643856424398692617e-01,1.931456544886735793e+00,6.785632025401839851e-01,1.417529182680574262e+00,-1.815267253973459893e-01,-7.160335130744538423e-01,9.169900651526678992e-01,5.844631871639357490e-01,9.070539111888773487e-01,1.274710913490089137e+00,1.094276657640081307e+00,2.341567899872060848e-02,7.912510886329178206e-01,6.589115025876172982e-02
1.773302431979599525e-01,-3.980326247476644319e-01,4.006538042287160484e-01,1.979152755680739229e-01,1.467860436241284205e-01,-1.807019302675698380e-01,2.363965018423700160e-01,5.271035178178835601e-01,-3.302215953800768933e-01,-4.084222129300951187e-01,5.945053785291950499e-01,-1.159214238843703004e+00,-1.308645047193967459e+00,-9.073635437836314876e-01,9.087051491476515197e-02,7.618710365945223495e-02,2.482525191791394026e-01,3.798864521136097877e-02,1.768689903865498625e+00,7.878917229310820058e-01,5.795053194314780942e-01,-5.779001357437676401e-01,1.817889429952220248e-01,-4.331013403504710424e-01,7.496448172032367241e-01,4.883188992565762332e-01,5.356213313865846801e-03,2.720620417937765767e-01,3.934602492034305204e-02,-5.966843451814637378e-01,2.369824060086985762e-01,6.189575973774341655e-01,6.111808213120266675e-01,3.921365835535422506e-01,-1.596404293741595370e-01,-9.433316945255926234e-02
-1.241529165934616985e-01,1.701250763142820199e+00,2.191206965087664216e-01,-2.105484425329068876e-01,5.052868556487698504e-01,1.036149730057501078e-01,2.829846355239578060e-01,1.313453152985148087e+00,1.149912600887645242e+00,-9.283207111120332922e-01,-1.075521577601978862e+00,6.815050268513617171e-02,3.416781272896345922e-01,1.304290025063848057e+00,-6.804898869522779670e-01,-1.735049745557927237e-01,3.332949595142942756e-01,-7.678761043959456689e-01,1.042641491089573158e+00,1.066646346988272404e-01,4.618779845319825328e-01,-2.269459651656335897e-01,1.072493663500553085e+00,2.009060926170181727e+00,6.893963306044625927e-01,8.418803361838897992e-01,4.769961151091740015e-01,-3.815713005413383097e-01,1.578477442299012434e+00,2.702665806223059075e-01,2.129632874331331971e-01,1.050296708839862925e+00,2.705090205065110442e-01,4.762739092157474707e-01,1.596627636143441720e-01,-9.058768573595692430e-01
-5.686522056370563183e-01,5.984636669232612505e-01,6.574703937590130609e-01,9.908712324129764770e-01,1.145502271185195653e+00,1.537449874272551753e+00,6.510950499366348065e-01,7.108371414901073493e-01,5.762737310751440134e-01,1.392452323693686544e+00,8.166381047895187040e-01,1.129371247156132352e+00,-3.116399968557583833e-01,7.398194864316525177e-01,-5.561571451032040203e-01,1.365572684779281509e+00,4.685356188138245503e-01,8.726834672671989201e-01,-5.844806723996165410e-01,-9.497315498107252729e-01,-1.269977701652837077e+00,-4.449807551605183820e-01,1.090392488930845838e-01,-1.589077831573907362e-01,-1.117874437276101390e-01,-5.356899401933503668e-01,-4.658407810798182447e-01,-5.338511714471774194e-01,1.056168305800198048e-01,1.023827418571779058e+00,-6.818625487824943321e-02,-6.846402026066622515e-01,6.363116656472470600e-01,-4.992832073946024685e-01,2.787663206886604739e-01,-2.213277048350765497e-01
1.876177255512880004e-01,9.890266180843637622e-01,-2.030354505977441937e-01,6.557962284157037303e-01,1.295246933100152820e+00,1.538688283813190782e+00,5.239579641755898187e-01,4.317834493411522034e-01,1.914953119023578454e+00,2.874219138688101083e-01,3.576667245523866834e-01,1.219563686609400843e+00,-5.514847744621859116e-01,1.379746796497546946e+00,-5.516081731365430896e-01,4.552244507684791719e-01,3.052248807647419682e-01,1.417141602625878738e+00,-2.246729237761965758e-01,5.426256601849718253e-01,-4.050700153218544930e-01,3.073312930626779238e-01,7.037052973289439350e-01,-4.300675654656872099e-02,-5.627263731250993217e-01,-1.712854711561894172e-01,6.283687354406661818e-01,3.695469181213116849e-01,-1.929940467643725399e-01,-8.721861872769460788e-01,3.577683925283591804e-01,8.154531270401872423e-01,8.242970385255422583e-01,2.163950998172692597e-01,-9.551458569980386670e-02,-3.930606351200838233e-01
1.192202569233938414e+00,-3.724870768659357262e-02,-8.091589658049878064e-01,9.307825511387447515e-01,-4.299135119337527677e-01,-2.189541055077440512e-01,8.242755449978037552e-01,7.293866053831359331e-01,-1.013103207916929760e+00,5.273849709134158454e-04,-5.447675025507383584e-01,2.695691110352802511e-01,9.060885457975084156e-01,-2.587449112309874732e-01,7.466114003270268862e-01,-4.643221376896762287e-01,1.086135257910728846e+00,-4.128269454652661596e-01,-2.316689839181655941e-01,1.484786838786548435e-01,-7.002972233343254249e-01,1.774804426605631313e+00,4.649915479354448378e-01,1.306975782039911049e+00,-6.445650197374602763e-01,5.489147305617557426e-02,-5.263087710507404274e-03,-1.941204534946032734e-01,1.244609596878246238e+00,-5.584161286181250627e-01,7.609328833337485332e-01,1.012236784569894438e-01,-1.395722018960916300e+00,1.002780787943990504e+00,1.226356811118181511e+00,7.767826107810533731e-01
2.689120221353996296e-02,-2.297909165861840297e-01,3.167544353892966513e-01,-8.461512744251925566e-01,-2.125354878777931944e-01,8.291996699039630991e-01,-5.905314488688986341e-01,3.690268426796515788e-01,6.652530575974283655e-01,-5.044884178264063580e-03,4.942553211095700449e-01,5.207198171885714100e-01,7.848777549560969069e-01,-1.839161006829433953e-01,-5.614954169366993125e-02,4.020614255102367141e-01,-3.728220248351169497e-01,2.402535333323192746e-02,-3.492853310249270926e-01,-1.164520561213502781e+00,1.674575718835296656e-01,1.851215023453971042e+00,8.139676594950200350e-01,1.042148695455145324e+00,-2.265524756889667757e-01,-3.704816713031793829e-01,6.805223194273697651e-02,5.364655489983968240e-01,2.107921667923958964e+00,4.132382785342174070e-01,-4.806819012807270752e-01,-7.135078143558134522e-01,6.534152928837240193e-01,1.583574957693370255e-01,6.947683782787912321e-01,-5.280860682029042685e-01
-1.117968601142427763e-02,2.997650114377998776e-01,4.362894948658626038e-01,1.550512980658501905e-01,-1.455660853971691149e-01,3.038576242361446522e-01,5.861580213634984826e-01,1.481952298720979222e+00,2.875695491728167408e-01,-4.517213631797479811e-01,-6.884415205029358331e-01,-2.082795299369506192e-01,-3.787255167015794455e-01,8.186770406162877656e-01,2.383915888156230758e-03,2.771262699543805552e-01,7.326603638253685602e-02,1.259298516267516876e-01,8.021619715581704835e-01,-1.332452804530456503e-01,-7.291679696819821643e-01,4.756909062399729549e-01,9.179347727699642689e-01,9.364434706982834034e-02,4.197671113931072395e-01,-3.278083435731730666e-01,9.283767687944252667e-02,3.185126593974291764e-01,1.892877883979143250e-01,-2.698488264065925790e-01,8.153148960695181247e-01,8.640804205182940623e-02,4.650991027701932845e-01,2.028894933142748325e-01,4.368371113335025591e-01,4.666266482929986026e-01
1.080227863429638502e+00,1.999496006948554339e+00,3.820207100240554099e-01,1.843627611577601133e+00,3.460143281681564709e-01,1.736198153364284291e+00,1.037438048944333557e+00,1.065322981101091138e-01,1.082605293264627067e+00,1.488148149040633861e+00,-3.480138356480775852e-01,1.968565790312155173e+00,6.746138391313551974e-01,3.624430676649184058e-01,5.045451313360751477e-01,1.055986343748264167e+00,7.241598780944943359e-01,8.416841787072699699e-01,7.775024986420417950e-01,-6.081355112910695748e-01,-2.241615533612911215e-01,3.463444558172570908e-01,7.129710137487753618e-01,7.291691683762463461e-01,7.133196353714359450e-01,9.413761614352205154e-01,-4.296856584589379691e-01,5.150012442833553639e-01,-8.240764593038014674e-01,-6.816382785225684193e-01,6.820766507081454932e-01,1.125736722235600951e+00,8.394260099733528158e-01,1.653195286473014419e-02,2.376731108255030617e-02,1.166398635280209289e-01
5.466533165086652213e-01,-3.731121377066445310e-01,4.531307067093020002e-01,7.333123701363571945e-01,-7.129514591482277730e-02,1.329650721841258432e-01,1.125947171498254545e-01,2.678352946849094640e-01,1.939605574501589436e-01,7.347438539031979632e-01,2.566824678065904863e-01,4.322508517612806411e-01,1.657633652503539279e-01,-5.208851410106442037e-01,2.166801760522446552e-01,-1.149780113229438849e-01,-3.175437095735982873e-01,-4.471853219044461536e-01,9.648014597126612912e-01,-3.037320509663808954e-01,1.019836132853312316e+00,1.798385949010826046e+00,8.665348521751278232e-01,1.354578585936525581e+00,1.578481248529115533e+00,9.135803140522634758e-01,9.241166839839507485e-01,4.610551840702806214e-01,9.491454431194257246e-01,-8.996495647756931335e-01,5.170223958837545375e-01,1.159346271390232497e+00,7.808680254895841166e-01,-1.037663079921177615e-02,6.063432290158439208e-01,1.234613655693784645e-01
-3.802548307751491691e-02,-1.634330393577726748e-01,3.751874057462485368e-01,9.587023805191622339e-01,1.383646813243708529e+00,2.596726903598663982e-01,-5.183279337809013620e-01,2.726137954924224838e-01,7.459486804476287425e-01,1.015005763085837787e+00,1.082171321746333292e-01,5.882780479033205001e-01,-1.496793841762492777e-02,-3.544683568202879331e-01,-8.011905789484453921e-02,1.361140061817358138e+00,6.180279133326527230e-04,1.106512863197428143e+00,5.977292073232788328e-01,-3.232911076906928582e-01,5.690863846405387338e-01,1.477198323293196780e-01,4.668148141044429211e-01,-8.818873578756452059e-01,7.948915903641670111e-01,7.731664376385001258e-01,-2.947148356255536172e-01,2.201172521901119394e-01,4.479607405854767466e-01,-5.533894349407268987e-01,5.186687178100026774e-01,3.740212837963365899e-01,1.573803337303385952e+00,-2.573674610341605828e-01,-5.069039060035775840e-02,-1.661053397052096592e-01
-1.127100411790390999e-01,8.514562893880563976e-01,-2.927608733888564796e-01,7.440707833865380927e-01,5.037834926990629736e-01,-2.019260394180788856e-02,1.324486803010024971e+00,7.070781263131925565e-01,2.027237380992653826e+00,-2.957831251333631339e-01,-1.898444777251234172e-01,-1.855157589474036028e-01,8.506174826715381387e-01,1.073801217993403556e+00,5.422092817164398948e-01,-5.504847915933083063e-02,-6.064874855883178872e-01,3.877400869360100311e-01,6.867717268349751158e-01,-6.592612557022737851e-01,-2.080377720800914432e-01,1.315828550495437232e+00,1.882142529406279241e+00,3.062610327525326914e-01,-9.952899548439964050e-02,1.465078498695849829e+00,1.500256294746689645e-01,-2.817364552867434035e-01,1.209180958316799170e+00,3.647215368904933031e-01,1.956034373268547899e+00,9.348290338589969606e-01,1.639900085815320985e+00,-2.258779707975441531e-01,7.451656296931263856e-01,2.118867150972523761e-01
5.667412758664539668e-02,-1.623711320204838382e-01,-1.865100961575281435e-01,-6.661526467582141731e-01,-1.017951217503495043e+00,-3.304542380300365956e-01,-5.826090010150182241e-01,-2.127095124024803996e-01,4.401804806243997392e-02,-3.708801157512696678e-01,-5.362626509954790954e-01,1.450206821777522415e-01,-3.809173452892241074e-01,-4.797659114474676634e-01,-1.495766354304247925e-01,1.427457180809116044e-01,1.054374214999313164e+00,8.067807755461432473e-01,-6.316904705332236913e-01,-6.621246085901590916e-01,3.235868609377628990e-02,1.278499470086249534e+00,9.341472187128544435e-01,2.086166398127712540e+00,5.885351101101219395e-01,8.200286838245359755e-01,-2.089353088909529921e-01,-4.484397932080589344e-01,4.648558542019600726e-01,-5.689078215687463219e-02,-6.291749586414917550e-01,-3.168960268483430598e-01,-2.153848696961342124e-01,4.721423645996444818e-01,7.635622204852237083e-01,-7.035320552487610568e-01
3.236875579257030844e-01,1.693412796970521939e+00,2.447583090708935483e-01,1.193979287614752999e-01,-2.240559030467577373e-01,-3.053975014242064079e-01,-1.497253459264413777e-02,1.303973293044567550e+00,8.229455582201550268e-01,7.629074506074767781e-02,2.506374245204195939e-01,-3.932013853476812315e-01,5.084978428362848524e-01,1.056555290937014391e+00,7.484976238306365603e-01,8.446883392813599178e-02,1.593123476600012134e-01,-1.366885691978095563e-01,7.382069964223479941e-01,-1.051746390900913486e+00,-2.664159805602765441e-01,8.474730030259773894e-01,2.347896324473586205e-01,6.026486741205463460e-01,-1.086061355232507131e+00,9.519361863731812257e-02,-7.026137720381347984e-01,1.849302368601800084e-01,8.691091520193424680e-01,-4.163567563923935566e-01,-7.768913049985756158e-01,-3.414239222258697581e-01,1.553119101077352349e-01,-6.272359693328571906e-02,1.333121899643048280e+00,-3.941651342612439990e-01
6.787832389814822953e-01,-4.508465854471623707e-02,-2.421510583332568967e-01,1.455037319467817447e+00,5.529315159183032513e-01,1.467595770896400920e+00,-6.935902599803945856e-01,-4.169663645168720373e-02,5.877753596608715006e-03,1.604049730570274335e+00,-9.146098168749483559e-01,1.117218360983938341e+00,-6.035523338800657944e-02,1.454143579044211423e-03,-4.420527729008973394e-01,3.490525847546970262e-01,7.684314691246639795e-01,8.791681076648688586e-01,1.737591739154412007e+00,5.569082176572526244e-02,-2.138127335382095442e-03,3.491731463071960917e-01,-8.059273204538951463e-01,3.612832235755136789e-01,1.457688070653737622e+00,1.453571933777308978e+00,-1.664970311399889547e-01,-6.176249979651754485e-01,-4.924642527973006056e-01,1.237269344733591958e-01,1.268382422618650640e+00,1.638274887757048770e+00,1.760717022507249263e+00,4.356241404446400400e-01,1.696439919570134902e-02,1.324599783551006771e-01
-6.278002690199339098e-01,1.523330692478899850e+00,-7.634431828118566354e-01,6.158910936902711741e-01,4.923147519883673828e-01,-7.935344100431116487e-01,9.757678319785648702e-01,3.793028700356469995e-01,9.276903400636156150e-01,2.775849867595489018e-01,-6.831904985338910219e-02,-6.819340123102177742e-01,1.304136385946353949e-01,1.129743853283210697e+00,-1.361740528024769394e-02,-5.225694873964051856e-01,-1.748908310156480628e-01,1.342635842091872977e-01,9.224750893491682202e-01,1.056311059653168183e+00,1.280397187259822434e-01,8.966193329708150861e-01,1.241298975762078705e+00,4.472838233861355928e-01,1.210377599926538039e+00,1.808397113761715858e+00,-4.418856592866713395e-01,1.494175095342181459e-01,1.383556548222410809e+00,-8.466743540360521791e-01,1.819444465359432606e+00,4.775009054658931884e-01,8.324729711817161482e-01,1.903360888190583078e-01,8.836985579595015849e-01,4.014683335582308055e-01
-1.007749004496596434e+00,1.182047123306869008e+00,-1.503075639003711161e-01,5.204836915096424654e-01,5.941949947135798382e-01,7.140100109102721637e-01,1.289205268366401036e+00,5.519347818767579295e-01,9.184082118192912203e-01,1.137624435057895678e+00,-5.778958255496446927e-01,1.556174326293320753e+00,1.210794651968815305e+00,6.629913463967598286e-01,4.597235922091080784e-01,8.451602597901421987e-01,1.266683728213478632e+00,9.091474022568593050e-01,2.104330814990554188e+00,-1.621659078084172201e-01,3.969652045714068267e-01,1.303683076308846278e+00,4.580199315576766184e-01,-8.013470652465048971e-02,1.289543607875017983e+00,1.422259219788441165e+00,-2.683527091036355672e-01,-3.166873337688273504e-01,1.488401627781068326e+00,4.264167124563997269e-01,1.477938323682240096e+00,1.130701017770109784e+00,6.058617694388532815e-01,-6.089866898472997558e-01,3.431727133862416679e-03,-2.884087895216883718e-02
-3.339650332854540715e-01,1.002469387811773194e+00,-1.111097378390027285e-01,1.454169845084624768e+00,9.206966150531763482e-01,1.347652997619677606e+00,9.428908699343119260e-01,9.051164167781415859e-01,1.629566764799880163e+00,6.240112828945294510e-01,-1.415264339607276711e-01,3.536312986877464537e-01,4.836967729836832292e-02,1.534750500516894878e+00,3.407009550668029796e-01,1.367005904959453844e+00,1.526521188011336960e+00,1.312609093483654288e+00,3.791297160746000539e-01,2.018620385388078531e-01,-4.876942726855712507e-01,2.630475498336143358e-01,4.729431874120520463e-01,-4.459548276093543984e-01,1.179949905160988799e-01,5.414065357855570859e-01,-1.867382276942896047e-01,-6.605532868279345715e-01,3.076698593147957420e-02,7.968427797608430563e-01,-4.564727096385803873e-01,-5.269503520279162495e-02,-3.755154735891735318e-01,-1.794836470285236518e-01,1.173856405254536800e-01,7.384068043130920245e-01
5.862245937603717261e-01,-4.108002422863974989e-01,-3.899690619961210247e-01,-3.784186202614286954e-01,9.787295952740235339e-02,-7.923620833000533104e-02,3.886043975556105479e-01,-3.945704034080336764e-01,4.566294262970142515e-01,4.712565715069696459e-01,-1.312338510341375108e-01,-3.112687268045126743e-01,9.058454473941009166e-02,-3.957668827397916034e-01,9.961023678387294078e-01,7.044365155558580949e-02,3.962203842818574628e-01,-6.335536502511012191e-01,1.246212076049197925e-01,3.436331025918272219e-01,2.579433594779583228e-01,-3.803023784566114118e-01,-2.833878249013265793e-01,-3.399719003882266111e-01,1.113913457430306675e+00,1.461926064002748937e+00,-7.724301049703883315e-01,2.393725655834730848e-01,-4.370838604357207280e-01,-2.654659821511065054e-01,9.197823959619864098e-01,3.192729799258221535e-01,2.421969284869649019e+00,1.212488737266719907e+00,3.761349295120410829e-01,3.280075907092673826e-01
9.158632435702756744e-03,9.383022450005167325e-01,6.019967895414800596e-01,1.304000327929063507e-01,-3.883018056042628618e-01,-1.094607152487544893e-01,8.119571103735557793e-01,1.032327846684835793e+00,1.277228769437222411e+00,2.663794519214172651e-01,6.506009458931243383e-01,-2.051532107633708812e-03,4.790342591330302158e-01,1.853330920741070642e+00,-6.130113038988885821e-01,3.562852817452549781e-01,-5.361660550962513705e-01,-7.535377953540748353e-01,1.792331019793717228e+00,5.677419843980114900e-01,2.616864719564018227e-01,7.615343011778235027e-01,1.751780612055148012e+00,3.164161374805805060e-01,1.033696459909446697e+00,1.242588776831273112e+00,6.435634666015581651e-01,-7.632138496867816313e-01,-5.320706780525503721e-01,5.768515664313295793e-02,1.158713577672183304e+00,1.086840136338541374e+00,5.613765693441939986e-01,-2.208039992008639651e-02,2.299604643292607609e-01,2.102966958425564747e-01
-1.001970883912548294e+00,-6.489085512756859186e-02,-9.925015970034979651e-02,9.596965028368784623e-01,1.651787725728801171e+00,1.069297739559265992e+00,1.042061423845450197e+00,1.903717266549441456e-01,-5.436168353336300330e-01,1.566806729139229359e+00,-4.517218380566946634e-02,7.556145713341471115e-01,1.397006756108331027e-01,5.739190570031664496e-02,-7.792970964085517149e-01,5.752406117925947804e-01,1.576003285007325561e+00,1.087963946229921763e+00,3.194929768466047704e-01,5.100763222576759626e-01,8.963065358162534135e-01,6.804517499016035087e-01,6.483024707370063089e-01,5.377452027258347034e-01,-3.002252707779025087e-01,-4.562933835647733916e-01,-7.500366248907644993e-03,-5.411638446053206736e-02,1.290619135860454403e+00,-5.953256167804382715e-01,-3.269122616566320083e-01,1.797305328256438295e-01,3.493239887922057196e-01,-1.158308655209111082e+00,6.989646888223711718e-01,-1.268101947969889898e-01
6.020637631294045722e-01,2.845029384853914323e-02,-7.824643839863120176e-01,4.760910633702064576e-01,5.676696140595175466e-01,-6.363878187325774372e-01,5.061896436479689232e-01,1.329709403367840492e+00,8.784881341532231325e-01,-2.606582153870118379e-01,7.970686898167209655e-01,1.488995192304848891e-01,-9.097244211022341709e-01,1.126656952861396555e+00,-7.026288300049998714e-01,3.710282898580135047e-01,4.909968288595797925e-01,2.192809990445202806e-01,4.639099264697910119e-01,9.821397286278543692e-01,3.633399830177410084e-01,8.140200295806225839e-01,4.533480456154999061e-01,1.112225367346885152e+00,-5.175190851353773658e-01,-7.193726365452379756e-01,-2.309247524705232424e-01,-8.891590625658353231e-01,3.497631085370103143e-01,2.505781954988012261e-01,-2.376276366823113495e-01,-1.533171903513016188e-01,-1.295804932907989628e-02,-9.770959078627251548e-01,1.093111872759106928e+00,-1.914971533238770318e-03
-1.082463784703101117e+00,1.955914756020608269e+00,-1.516755573885339436e-01,-7.171068584945538005e-01,5.576493926990680472e-02,-6.355838615447010342e-01,1.033196349922845148e+00,1.270301116045519318e+00,3.405515862833899954e-01,4.227132145619401649e-01,6.554609983748575786e-02,1.745418421073269832e-01,2.020340525738593129e-01,1.256217073402839501e+00,5.601808997875667995e-01,4.302272238892970724e-01,2.434551767368916264e-01,-3.821698131347986971e-01,1.143165551234603505e+00,-2.789169772029270744e-01,-7.243761368357858332e-01,-2.068843760551319216e-02,-4.564050483753803178e-01,5.675706928932694462e-01,9.811454028997865784e-01,1.022631284360355552e+00,3.876030592965302168e-01,-2.090619609583987404e-01,-1.282974292052145304e-01,5.823355811494677070e-01,3.081606992160408343e-01,5.665223907839262996e-01,9.331530638803277045e-01,3.923945955301592070e-01,1.248962369744493761e-01,-5.787584188622802994e-01
1.581346406951962824e-01,6.907793887930757659e-01,-2.421387602864633615e-01,1.870124451852294589e+00,6.701359551646527413e-01,-8.182370054726306741e-01,7.706125122289729790e-01,1.361411341700126121e+00,8.622594585176373005e-01,5.695266477502082259e-01,8.821247895192847466e-01,3.780197518657354809e-03,1.473697574309715541e-01,9.156688566280212216e-01,4.413995330532635153e-01,7.499625817510432446e-01,4.671976869909249541e-01,-5.414888028559022848e-01,3.771815349120528627e-01,-2.893769666647783567e-01,8.741809830773580314e-01,2.381419078534919576e-01,5.290643671582030416e-01,-1.052969304191758194e-02,-1.616895612003890065e-02,2.153888163809033196e-01,-1.540065603065417926e-02,7.894569524707789610e-01,-5.710981504557818278e-01,3.427082238427905936e-01,-2.933298982199937233e-01,4.305231212030362631e-01,-8.985580461771069949e-01,6.430631242260939073e-01,-1.546843891993221753e-01,-6.168365762407334030e-01
1.385694157878878674e-01,6.139543490876415710e-01,-5.455952783770983139e-01,-3.681885674719931889e-01,4.020356519490370095e-02,2.837576992593929259e-01,-3.518074879282455103e-01,-3.965726575473260129e-01,3.856676461234371245e-01,4.918193211078594751e-01,6.986366292549824886e-01,-1.475676629922555716e-01,-1.291117398826164386e+00,2.616951423847454494e-01,3.799660512647918265e-01,-7.334115749100691417e-01,4.519012322253492669e-02,1.376541397731002869e-01,1.701774811266786314e-01,-2.323472344123035660e-01,4.171659738159628344e-02,1.300197248057595623e+00,1.119132789290265828e-01,1.455541217167008128e+00,-1.829183269910093224e-01,3.822510595983835135e-01,-3.513101387155760924e-01,-8.558824325302264446e-01,1.590569364212662595e+00,8.205680928537588681e-01,-9.302653686088346863e-01,-6.461383106843698876e-01,4.708657892329135009e-02,-5.246801608133581096e-01,1.380125873511701906e+00,-3.985319494734137491e-01
-1.089112548662759528e+00,8.400387064359911005e-01,1.007324436999776029e+00,2.934423726782697806e-01,-4.995547564406314089e-01,5.230075604248461962e-01,2.031592719392170565e+00,1.637334238588687541e+00,7.076945813592827594e-01,-3.287980699047488020e-01,-1.852384271835044727e-01,-5.245266831218160508e-01,1.460789563325363624e-02,4.971553397007077990e-01,-4.376196935724581683e-01,1.604093859046023529e-01,-2.818110290921886363e-01,-1.021924071828198138e-01,2.074089121717625162e+00,1.841097445168394797e-01,5.951616167203401808e-01,1.218959066090396393e+00,1.301489508781852100e+00,3.254123965181114908e-01,7.265140434805417158e-01,8.688730631977144014e-01,-2.233133252258840684e-01,-1.014542522918425171e-01,1.079950871639702603e+00,-1.113062047239195274e-01,1.344796408458927894e+00,8.761012469462334806e-01,1.541975989099855227e+00,-6.547705672586787498e-03,7.026618711402101702e-01,-6.256953784345044012e-01
5.200763696274554038e-01,-4.588209667903084266e-02,-4.157225401752606131e-01,-6.595456150042346977e-01,2.744975625941126762e-01,-9.531164228435402563e-01,-2.307564852623174012e-01,-2.201809656399761062e-01,-8.156250310642489121e-02,2.905924721553604373e-01,-3.073204624584548461e-01,6.017121400391504948e-02,-6.089230253795887560e-01,2.884604628884705063e-02,3.041776883457760206e-01,-1.758459380617889145e-01,1.843328464979422654e-01,5.231616167022663799e-02,-1.721445746401492061e-01,-3.040873726775669000e-02,-9.751043831954246677e-02,1.287611868102422896e-02,2.504185691108200551e-01,1.216426113689146327e+00,-1.044173520842187841e+00,5.791908974992213688e-01,-7.049855689859815255e-01,1.526264394556068292e-02,1.236067957950583107e+00,-3.183675120953117221e-01,5.812942733880169799e-01,-6.854267743941913071e-01,4.533831886642489262e-01,7.427827464196305740e-02,9.244070890597045898e-01,5.058479728834454070e-01
5.190384054433575672e-02,7.484376438635916007e-02,6.681183590017538698e-01,1.829086127128272343e+00,1.306329243352749581e+00,4.186892828069883610e-01,6.012507325300485428e-02,4.100099527633815355e-01,-4.172491677279043243e-01,3.970665440870297935e-01,2.889195852646641010e-03,1.056181922827374997e+00,1.889148956489802023e-01,6.151496724082184953e-01,-1.091212699754583015e+00,1.049930724011773453e+00,8.971611381209307901e-01,1.007874622826610889e+00,1.083716627390628240e+00,5.128747739033205910e-01,2.794663678571911447e-01,9.771500383889778485e-01,1.044558765029791392e+00,1.052678695962575572e+00,9.335171090699291296e-01,1.661006892249330846e+00,-9.561191429848734380e-01,-7.007480940550563364e-01,1.798818481422856719e+00,2.868266721269820407e-01,1.315320836262746429e+00,1.579093426370259179e+00,-9.177525847403167347e-03,7.195677012669665640e-01,4.167679254343793493e-01,-4.913694850260726943e-01
-3.247967740795501546e-01,-2.945400756416574062e-01,3.360142839909857071e-01,1.448160823434435196e+00,1.170862610661733916e+00,2.093159974045485372e-01,8.051020114950305784e-01,3.112474653939401592e-01,-1.178432453885414732e+00,5.501062534545650973e-01,-5.300171305360373841e-01,6.111511907184064007e-01,1.280261930652602242e-01,-3.576160703857279022e-01,6.124735071639759720e-01,1.554368962832963774e+00,1.037125341051693628e+00,4.733865132469944337e-01,9.996934974625192316e-01,2.033798628750819182e-01,5.812286934784990367e-01,7.678529488276619741e-01,1.039860980875138230e+00,5.016301143472781110e-01,7.695088134623448983e-01,1.584169083175205328e+00,7.981017396545072584e-01,-1.724870602021337240e-01,8.679305285558156502e-01,-3.803310827506132252e-01,2.352010103126668250e-01,1.186380241194144203e+00,1.236345158530063104e+00,3.022235402563789308e-01,1.013065989765308039e+00,2.646056521320697685e-01
1.872880559779505349e-01,7.256675578802685989e-01,5.361809352824502550e-01,1.179508271937121044e+00,3.788497441665715781e-01,1.258636155484965213e+00,1.603809903277987892e-01,9.593097632005538333e-01,3.711707868777440189e-01,4.343643958543642603e-01,-3.964318673498202217e-01,1.481968461854459296e+00,-9.655613115027417148e-02,-6.014450059856637498e-01,2.453806907507964374e-01,1.246824618571755749e+00,9.407291249454106108e-01,1.430798118670859598e+00,9.478830372945826754e-01,9.324076714564949464e-01,-5.487549013233213868e-01,1.453961043456412972e+00,1.495493085516874210e+00,1.633433282199090897e+00,9.373728805493249938e-01,7.935028309536855673e-01,8.703375320177590968e-01,2.732845513301889184e-01,7.074323601156545793e-01,4.161759077188156297e-01,1.793541260969448548e+00,1.333190528062905278e+00,6.370099723237723222e-01,4.897124929799739346e-01,2.312325793922607176e-01,3.884096421653964182e-01
1.385632502805763944e-01,1.075140153536731091e+00,-2.678978310069979329e-01,5.711998398985476122e-01,8.606593261702660813e-01,6.889939228303694208e-01,1.756920374264739237e+00,3.223642678511827731e-01,1.899605905471247524e+00,8.822945209816415169e-01,-3.855192566641082452e-01,7.278770446132364347e-01,-5.204814236618940937e-01,-1.608366186983700707e-02,4.079945769060830396e-01,9.231763375292869611e-01,5.807748546837485648e-01,3.470835232840743245e-01,-2.814145222177920069e-01,-6.257497017700311970e-01,6.492858108869888900e-01,5.186103478780401677e-02,5.208935921138593272e-01,5.584891348165705871e-01,2.375886963845806332e-01,1.268874037555012546e-01,-7.239655723829920009e-02,-8.611249441857175835e-02,1.199035893940376685e+00,-3.977194673709932848e-01,2.418323666824673812e-01,-6.613812098828920627e-01,2.701527581351086948e-01,-2.536286013438353582e-01,1.564189271118230362e+00,-6.116752857963664303e-01
4.420738975576827268e-01,2.316086114382956418e-01,2.829866027162964981e-01,-3.440796536129789307e-01,2.376702586407112294e-01,8.753609024244811687e-01,-3.456542691912798948e-01,1.265947740586800263e-01,-1.315406264687404569e-01,-5.501731980728464810e-01,-4.124137969781592195e-01,2.624254726250356828e-01,-2.269127834822126308e-02,-1.226459931400268877e+00,2.661440898607596584e-01,-1.587946639150629446e-01,4.588735559370025752e-01,-3.218170834510126754e-01,1.153463636985586405e+00,-4.743746260045526575e-01,3.831130953437107411e-01,4.622700917316724389e-01,1.097477807394957150e+00,4.262449711628941706e-01,6.274243767559815055e-01,-1.055190969823742442e-02,7.473845912643184430e-01,-4.864292265080364525e-02,1.878205184170563813e-01,-4.215586650464197560e-01,-1.960844876571078976e-01,6.907497077923980822e-01,1.364731067722547042e+00,-5.707853400146025574e-02,1.159008430474730567e+00,6.250561131093572698e-01
-4.216126634799428202e-02,-4.887003550113991901e-01,5.209498793630944202e-02,3.564386497280105370e-01,-3.592104784510509741e-01,3.723854746152235884e-02,1.044870458524745027e+00,2.386683298451031943e-01,2.965617831880051347e-01,-5.180942831959504113e-01,-2.754378248017960162e-01,-1.587330852956911342e-01,-4.193387038872677941e-01,-6.045502293207595246e-01,-7.828874224569213336e-01,-1.039399189012871205e-01,4.164093717608549627e-01,3.083902817903217408e-01,1.338140755317936970e+00,4.560434290755127629e-01,-4.294115753711018613e-01,6.583646407931333933e-01,8.822071740266326234e-01,5.543711805440698637e-01,1.124835507436764415e+00,6.684220843520789490e-01,5.569763709404034202e-01,-4.389257712644249465e-01,1.281270891762451569e+00,8.393801997470159426e-01,3.923872909344346960e-01,7.243384277776587776e-01,6.159207618129346473e-01,-5.301369094126527903e-01,1.130344240455106730e+00,2.501597597433352083e-01
-5.556864661539105965e-01,1.150817251390426676e+00,-1.167205244156032107e-01,4.405985223099311704e-02,-3.140345063293998318e-01,-1.293477180488449563e-01,-4.521443193717614717e-01,8.141193540089002312e-01,-9.235937554409334727e-01,-9.247468223560756373e-02,3.305572317363379420e-01,-7.986071221288782995e-01,2.305079818715925211e-01,6.582532013543747063e-01,1.481848358899631457e-01,3.756110623700237921e-06,-1.710540004630472025e-02,-1.407496602753422754e-01,1.290088822356298515e+00,-4.317632982590233204e-01,1.634065309887636208e-01,8.307371374292082944e-01,7.091885748674608969e-01,4.218122038529218409e-01,1.337264109669700884e+00,7.046773106157473432e-01,5.387599911002969311e-01,-1.402270946116075147e-02,9.984538810212215676e-01,-5.489363546156599272e-01,4.999421400266583770e-01,1.273499114822729261e+00,9.519061533804942243e-01,2.937121530554040114e-02,1.325507252820821380e+00,2.609224182236647427e-01
1.567523670043953432e+00,1.220156554558612827e+00,-7.195971795220359457e-01,-4.468050706696992114e-01,2.908696444847758689e-01,-2.883034433104387229e-01,9.591488657953339825e-01,1.627230540976909445e-03,1.218090757950432090e+00,6.042213020907638565e-01,-6.071866817382212123e-01,-1.717500128001700765e-01,-1.795103036097531191e-01,-2.424477042774828561e-01,-2.378250386286185070e-01,-2.845822778727704616e-01,-6.967784834861644461e-01,-4.372702603447468084e-01,1.123426635542835728e+00,1.706945235376871872e-01,1.624342761191423512e-01,-2.879760980767861467e-01,-4.124522597491859788e-01,7.269398772517475515e-02,8.034289207201590344e-01,1.518208505292901300e+00,5.821543235618201750e-01,-2.363065631259256560e-01,-8.167434793286294514e-01,9.167988156781986531e-02,6.655522501871731222e-01,1.411148535159448381e+00,1.350049758865182525e+00,-5.253046795890374820e-01,5.241152796807109215e-01,6.961386701294053347e-01
-2.604640225931412756e-01,-4.295801990840225071e-01,6.274434357128316764e-01,1.205545585235775763e-01,-4.583759981702734826e-02,-3.446250974839062953e-02,3.763807326534246989e-01,-1.078256331045447797e-01,-2.492139505427398150e-01,-1.523718029057305190e-01,-8.124860051168267261e-02,-2.432356760341090329e-01,4.414115533264419827e-02,-2.457993134382769895e-01,-2.274639213110861979e-01,9.932695988635734663e-01,3.630241992924680174e-03,8.539930904594014160e-01,4.976176960298468455e-01,3.774083671405472629e-01,5.659003562486161938e-03,1.845505009159131626e+00,7.674068264362202685e-01,1.896161494676424919e+00,7.056769507508224848e-01,1.003813724106431104e+00,-5.780429666027494529e-01,-1.727557581062667824e-02,8.965884481808809037e-01,-5.546929113583481952e-01,7.700172392768178664e-02,1.448203471174583701e+00,1.247568789108431275e+00,-3.481692585676590124e-01,9.466031817653071112e-01,-3.626019228318824172e-01
-1.049021884935907867e-01,1.258058442233323193e+00,-3.296632254983528076e-01,-2.777785577287044672e-01,4.092510429866749039e-02,2.473811242970025415e-01,7.880251243799369920e-01,1.398265399326545033e+00,9.649679420019677822e-01,-3.363712651520814889e-01,4.720770362310175439e-02,-7.283451470140328565e-01,-9.179495206454297840e-01,1.169512564805284871e+00,-8.881616698835967938e-01,-4.009735416008305964e-01,4.993352944496933232e-01,1.658470321307242423e-01,-4.249834340314048164e-01,-7.495214330964938658e-03,-7.169478640414995718e-01,4.304048429621863958e-01,9.160909517147263204e-01,1.293724775713296804e+00,-1.686476050032543680e-02,-4.214713355281269475e-02,-3.251721651351741627e-01,3.725912126505557392e-02,1.398008907736917328e+00,5.518740117307786575e-01,1.713867055104239534e-01,6.098909447032409281e-02,1.775863389018690341e-01,2.626801040045190216e-01,7.591118129671372561e-01,-1.845559579782451998e-01
-3.423698528368053773e-01,2.115838962052249417e-02,1.537446013251277388e-01,-4.497921626063094286e-02,-4.818771969552663736e-01,7.232643211942719752e-01,-5.942123025160789274e-01,4.341701905800983141e-01,2.701847817223740691e-02,-4.067359024481088103e-01,-8.075205727448434012e-02,-9.252495663905081491e-01,1.374862847202516780e-01,3.642323032850793840e-01,-2.650304771823354666e-01,1.489289640033429896e-01,-1.249447137355370607e+00,-2.656977707181122916e-01,3.312992049341463296e-01,4.626463017482131956e-01,9.715659362050584058e-02,9.763812107496396830e-01,9.053856509781340600e-01,8.785558070568411093e-01,1.392531239074387805e+00,4.791235975572185612e-01,4.661265636276736291e-01,3.497944474402929216e-01,1.515377165531324399e+00,-1.739683342137363364e-01,1.540742960255101934e+00,1.500392962887231452e+00,1.224798845956978521e+00,5.614348728976881198e-01,7.793491781586835421e-01,-3.657394598183442286e-02
-6.290579597673735535e-01,1.105145750725157194e+00,-2.939490512506977571e-01,1.102844520358906122e+00,8.508806753019363400e-01,1.197036725870149310e+00,1.324872345312724686e+00,8.259220921869434573e-01,1.334281698006072769e+00,8.562121867478417192e-01,3.424097284209791092e-01,1.588727196945152853e+00,8.254254189010980236e-02,1.116556318183343777e+00,-9.013610252122656874e-01,6.140547608680724245e-01,6.886717107721767039e-01,9.246701929308107637e-01,2.999885565516148267e-01,-6.505330393787425169e-01,-3.855347843370313804e-02,1.039126336564970970e-01,4.930979641366476374e-01,7.163782133110715433e-01,1.264129249757643514e+00,8.161340125880078844e-01,3.458604296847485049e-01,-3.991733741324324791e-01,1.069088636239823864e-01,8.949879647698552043e-01,1.736786966087842998e+00,8.488072988674232322e-01,1.485181852234611188e+00,-1.939585102630169977e-01,-3.075530051937210851e-01,-8.046686838603570591e-01
-1.497601669221900189e-01,1.431550804881890793e+00,9.403653773120560500e-01,2.150641880939425210e+00,1.386227902282828106e+00,1.144237944132699525e+00,1.194332043471159066e+00,1.041694834326339469e+00,7.122155583385059163e-01,1.788645700932679272e+00,3.812532349876717741e-01,1.073248349850161043e+00,7.438104841731553174e-01,1.419865737723081667e+00,-6.281391060671348558e-01,1.618319383327140315e+00,7.952843690425134282e-01,3.412089808959637427e-01,1.144929700746411649e+00,-1.550984501667270754e-01,-3.722364025281265643e-01,1.791773645836637563e+00,1.029861087718138224e+00,9.738880059215105911e-01,8.743174271864937452e-01,8.035088335485912614e-01,9.438960182947470079e-02,-1.605718715819129394e-01,2.619171598376188292e+00,-5.271875179553600077e-01,1.058621591055999289e+00,7.648633612170436802e-01,6.487297293043813307e-01,-3.339692582347237870e-01,1.013827526845479055e+00,4.655973553327327208e-01
8.888667982290695546e-01,1.881579141774786024e+00,-2.357265798516429145e-01,1.310717321370888921e+00,1.355127141237216115e+00,1.292466366541806577e+00,1.284377398009439286e+00,1.274511353867183949e+00,8.487842695723659681e-01,1.603658515250104166e+00,6.888333081157471671e-01,1.318141965008961636e+00,2.764867674952931412e-02,1.202908558456556198e+00,6.242286414935993566e-01,9.362591945390350556e-01,1.349717833300643877e+00,6.323747699858466298e-01,1.189608049680465518e+00,-6.373309102600127618e-01,-5.684569110347350573e-01,1.044240902274544247e+00,6.582340862011164251e-02,5.518574090151007194e-01,-3.384206881737452655e-01,8.811507681655161850e-01,-8.789162987916912528e-02,-2.791192702750577848e-01,6.982778411724527290e-02,-4.331726258857483414e-01,1.627930571710290319e+00,1.329466443996666136e+00,4.278221300008950845e-01,2.423273588370047638e-01,1.572599515491376054e-01,8.054407386913406963e-01
-3.885876609726159892e-01,4.972175011779534359e-01,-6.607566891757494787e-01,2.999510208875525996e-01,-3.391740334969715609e-01,2.544725364261614109e-01,2.691324096658820886e-01,1.872668285389006426e-01,-3.734086203279731175e-01,1.676893365744504608e-02,6.101112391383416433e-01,-9.229991629566899891e-02,2.233371811493534975e-01,8.243738975369270250e-01,9.547643457762893249e-01,7.773447373412499806e-01,7.138883656705513614e-02,5.140167845116253714e-02,-8.830006223431378920e-02,-2.560337912103136104e-01,-8.197510661212940863e-02,2.945170141943463937e-01,1.289012471867586385e+00,8.576824236221347597e-01,5.656324354001180943e-01,5.250017191316060927e-01,6.965078767860305442e-01,-3.884046959655141351e-01,8.866623204606249864e-01,-3.651064113344396622e-01,-7.795475812368949375e-01,-3.351014845516357421e-01,-3.963703080784211075e-01,5.653025886816986922e-01,-3.695708694818939932e-01,2.551574890799913620e-01
-4.898782527102062828e-02,1.189119810384275278e+00,9.842288236710576566e-02,-2.354216549386613233e-01,-2.648376844123305762e-01,-1.080878407083207260e-01,7.952783649567175539e-01,2.715568607233537768e-01,6.885187283278556558e-01,-6.321054869948277144e-01,-2.435711233652623764e-01,3.481426812277183674e-02,-1.002540830198263705e-01,3.514864704746665236e-01,5.257503586927660955e-01,-1.830616300510710392e-01,-1.436025125143633341e+00,-4.614095935840265006e-01,3.997458480330996489e-01,2.912602783242981275e-01,1.021734989965580764e+00,1.715374093074116257e-01,9.098865431049154573e-01,1.690084558918369950e-01,1.561487378102310419e+00,1.162056531188032205e+00,3.776871671053165236e-01,-4.634962370213177030e-01,-1.550473887610644141e-01,7.540557858201265562e-01,1.464854602343294010e+00,3.224047864421684118e-01,1.537557845918640531e+00,6.158346722683716301e-01,-1.378011318178540834e-01,1.670217845330696227e-01
-2.026370156525415106e-02,7.287313165470801213e-01,3.444848923694210918e-01,-3.221131598077863756e-01,1.770212521621881419e-01,1.404051476660454489e-01,6.059257906197073051e-01,8.005940617962062911e-01,1.156256796155793243e+00,6.872123423673898168e-01,-3.202512281240661451e-01,-6.192742573272875389e-02,-9.312622180560464757e-02,1.232965434781236880e-01,-7.394348446606602288e-02,3.759604406936112309e-01,3.906594214942909482e-01,-2.400173682053443058e-01,2.678548821799487389e-01,-1.244259108554090082e-01,1.787658812865200453e-01,1.467987453982161128e+00,6.681239974579260554e-01,1.239868459587940785e+00,-8.199193806394025064e-01,4.876693065359131163e-01,-7.729004235751161245e-01,-3.186552735725672186e-02,9.051781705389728705e-01,4.308351950546192022e-01,8.945927127272915724e-01,-9.400762271000481785e-02,4.294305225808548072e-03,-5.293234914699824767e-01,1.282587354548385905e+00,4.989886188786021304e-01
-4.367445543757476623e-01,4.523097618562975653e-01,4.695863359451631913e-01,-2.499661425350940824e-02,5.917192674115583362e-01,-9.744632351813775628e-02,-9.559179466226895572e-02,7.084452137914701297e-02,1.745669762456689977e-01,1.226034609990156010e+00,3.286311561518574509e-01,9.496361956783495595e-01,-7.559409023765268909e-01,1.068844021032111929e-01,3.755835393886135520e-01,2.937705774329183450e-01,5.161080737968786192e-01,1.600604371592016850e+00,1.815075966711003908e+00,-2.325292963505781185e-01,-6.521537567469508634e-01,7.008212710016527014e-01,5.855223412775696357e-01,7.713861597667114323e-01,1.411380519398550693e+00,3.895638765370990075e-02,-1.021774562907570960e+00,9.714769467792240265e-01,5.977819176673284662e-01,5.918288917182981113e-01,7.737453369672808723e-02,1.429301967689920350e+00,2.930299289796927109e-01,-4.936754401348226740e-01,3.016699031021501387e-01,2.723629152313118418e-01
2.146605922837171998e-01,1.305206682156697384e-01,3.899247020432080602e-01,1.833889116329446178e+00,8.758405031030788157e-01,5.110765073713954276e-01,9.215472524866972215e-01,7.074505767597311090e-01,-6.070646062600099091e-01,1.406630730362395942e+00,2.037580033044346095e-01,9.644945680412959632e-01,-5.761874348151252434e-01,-7.054159650424833838e-01,-2.737817888236856456e-01,9.639801914247075887e-01,1.820524599361396989e+00,3.005375066734635725e-01,1.509111579369269762e+00,1.064543933942705412e-01,4.079627539907164646e-01,2.011287887103581085e+00,7.782140595396638272e-01,1.068953844573381051e+00,1.591504121155731255e-01,6.650823245112742477e-01,7.808600356216786054e-01,1.012332951718726282e+00,1.083589557457875108e+00,-2.609993492714540037e-02,1.230414492204872534e+00,1.148513299584758895e+00,2.126276530380431407e+00,-5.052049743501509926e-01,1.575229422569819349e-01,-3.724932500132928648e-01
-1.647094424264027718e-02,8.531115268331378454e-01,1.199357494807383184e-01,-3.204687276388755723e-01,-2.002536821119273169e-01,-1.439390636421415959e-01,1.664456159933168866e+00,4.324708991854779860e-01,7.087532171667458858e-01,3.242062382156375711e-02,-3.631004501339201579e-02,5.781645717108241378e-01,-1.516668599373373616e-01,1.173240994691410410e+00,1.637915195738552307e-02,-4.269405370513789100e-01,-1.536967019757476960e-01,-1.437205284221658962e-02,-3.995179330378970106e-01,1.298126796139202455e+00,1.117232306048729640e-01,1.522783689335335033e+00,1.832885047137867485e+00,2.002188301890794886e+00,-9.015521994321057386e-01,-3.205071856673243347e-01,-7.006369574139673650e-01,-2.453220089610115839e-01,8.217196979654911582e-01,-7.358933489165299102e-01,5.551689383089370988e-01,6.373791902919224706e-01,-3.536088788329652122e-01,3.402540274268887610e-01,1.427025420297279190e+00,3.307778881539311655e-01
1.043606871210849052e+00,7.553823056303788919e-01,-2.315920676875440898e-01,-6.653846077499943057e-01,3.074178861994382728e-01,-1.596285414389817187e-03,1.241003094941173002e+00,7.894493856119056963e-01,3.688265581514437175e-01,-4.804601839353504489e-01,-3.086374357366344356e-01,7.461369101978977680e-02,-1.137801471379137480e-01,1.389462914251218928e+00,3.390816159354934634e-01,4.670109712433712645e-01,1.483070582337428223e-01,9.279854635420788922e-01,1.071992956674958419e+00,-2.456955031134573642e-01,-5.288046350335130485e-01,3.834742336338143875e-01,2.936715228896205621e-01,4.012633403810512145e-01,-2.488818243808713915e-01,-5.121502061906082481e-01,-7.832424203965944465e-02,8.682783122276027665e-01,-1.010938202407837133e-01,3.480411847408463322e-01,-2.814520301455697981e-01,-4.398731021341293346e-01,-4.002619201416507400e-01,-1.125790219602615050e+00,-3.277408169865185239e-01,4.417210893601468125e-01
4.161661727391695043e-01,-3.656666067938373343e-01,-3.793542371213029073e-03,1.166443627947804984e+00,1.526737976559391807e+00,3.746609684693722464e-01,-1.529071475108903788e-01,-8.994192302071168932e-01,-4.198248477112873633e-01,1.168567121189427294e+00,8.546038486497258280e-01,8.809074902258098305e-01,-2.007972226546956840e-01,-4.997311426128178136e-01,-6.833948506022490266e-01,5.691420415399028876e-01,1.310358754028026596e+00,-4.793335189044967137e-02,8.969708028602756400e-01,-3.415790217910160687e-01,-5.227545400886272065e-01,1.189418391956837823e-01,-3.961331532058453009e-01,-5.438013926769686979e-01,7.082119272249582931e-01,2.277564344236557847e-01,-8.223094047804290208e-01,-3.983312081669530547e-01,-5.725850553038355217e-01,4.455605953389591978e-01,9.590435928003768762e-01,4.179717177019278695e-01,9.469855630857891837e-01,3.505664635887726366e-01,2.882009454339216070e-01,8.573275466366633291e-01
-1.845516529733312594e-01,1.038170318826614924e+00,-4.292244405547500641e-01,-5.190851548166532936e-01,9.083889597336103350e-01,9.456436707978026490e-01,1.147936826255198550e+00,1.417178171127693620e+00,1.107390991065977603e+00,7.909899075627794263e-01,-8.903939595656603645e-01,8.150760675230552810e-01,-8.400605068822588617e-01,1.799525381205932195e+00,1.069959219083149504e+00,-6.265596235739288034e-01,-3.544137484926733750e-01,-6.153848004404795929e-03,1.417322952589710194e+00,-1.084589218485699336e+00,-7.851773866181641082e-02,3.331055723519361633e-01,3.928244561355840880e-01,3.250973548862714502e-01,7.737375954475207429e-01,7.945215762514780122e-01,-2.819676370549027977e-01,1.264563946126611604e+00,-5.153620059319141689e-01,1.212870916741234234e-01,8.414942736679988933e-01,9.181322695132609901e-01,1.160536435957017165e+00,-2.908378060855185132e-01,1.879606285842917723e-02,-2.245070945768351811e-01
9.424826659889927738e-01,9.269725530496003563e-01,-5.996978999206579175e-01,6.007423415319866900e-01,2.694402557760903205e-01,8.055132091116569137e-01,-6.387651111876159471e-02,-3.657290796597695848e-01,1.559374485196262927e-01,7.249278854387662951e-01,-4.548236792955075158e-02,4.864159899451669933e-02,3.000161194749719762e-01,-5.050693225976162770e-01,-2.445421879718282787e-01,1.289352336598664550e+00,2.658406700275830481e-01,1.495315628565485166e+00,1.116116740622544290e+00,1.106742914783938603e-01,-7.201325580738491272e-01,3.141243218412310689e-01,1.017237241546222304e+00,8.322597087025236373e-01,6.919787701715416350e-01,9.204409834921017941e-01,-4.653343260893913480e-01,-9.172723799771610731e-02,1.251009486391355896e+00,-4.638186782882644521e-01,5.608104635549127082e-01,9.207374495561289063e-01,7.492719268532812560e-01,-5.947623471369407888e-02,1.011884567844046456e+00,-8.836110502507270592e-01
-1.503267187146959949e-01,-1.734796836587546298e-01,-5.426767226727658988e-01,8.619294992948085543e-01,2.013447518204369846e-01,2.111910407692270120e+00,8.350290445887637025e-02,2.171615379314519867e-01,1.153202513313827393e-01,5.727095442329932506e-01,1.074984204586931780e-02,-3.551968702337500172e-01,-5.334004434265003924e-01,2.644337603529152703e-01,-1.552818297862202934e-01,-1.116979909645776647e-01,2.515866278047630411e-01,1.400596726477955967e+00,-9.023234427170202521e-01,1.130056443689899000e-02,-9.349302698791296384e-01,1.429137088072281347e+00,1.243570011724183688e+00,1.444345069892598588e+00,-1.882945140424048536e-01,1.721603961733270682e-01,9.030258497489605796e-02,-6.674016466697660910e-01,1.030839568241163740e+00,-3.554076433751190423e-01,-6.256052897360663279e-01,-5.844697967166245789e-01,5.473658782975975301e-01,4.050838013807652738e-01,8.064746666221097593e-01,-1.036424045883935330e+00
3.101957072546043248e-01,8.679684198161263797e-01,-7.161025456955117940e-01,9.499455816509779771e-01,5.440181045669377768e-01,5.976538369957861141e-01,9.539894501425010276e-01,6.747223560385204877e-01,1.029096884262597156e+00,1.457036506815089005e+00,-7.586208671164367257e-01,1.126315676371593799e+00,1.989330083005806937e-01,8.482273640139198490e-01,-1.027821645140370999e+00,5.545409157186953486e-01,2.133166660383751356e+00,1.354602600359711806e+00,-6.060574907378151188e-01,-1.993766497970425322e-01,-2.253854207487581141e-01,4.118157004893159556e-02,1.440858811109862470e-01,3.930912371158489238e-01,5.644557668023824498e-02,-4.454732690593655176e-01,4.416912167628779806e-01,-3.938825450096087311e-01,2.674515264220413968e-01,9.008083572990068788e-01,6.141856245880081278e-02,-8.413355651542577807e-01,3.033008218612315843e-01,1.908612665838389233e-01,-5.363325524600781602e-01,3.067281546779138113e-01
-9.256925344831048452e-01,1.049379166960210802e-01,-8.033679397645531184e-01,1.228652383550414395e+00,2.757591505790962794e-01,1.228375866490812873e+00,4.980902338372181909e-02,-7.561699555369710835e-01,2.219946161218924463e-01,1.514333783017036472e+00,-7.933113601934210779e-01,5.176898306028276942e-01,-5.818142561763784970e-01,-2.007197596530195804e-01,6.780098854676188669e-01,9.519208848418890812e-01,1.647625506790664440e+00,8.516922326030589296e-01,5.841440437811403763e-01,-3.580312687501154834e-01,-2.506910093273187479e-01,1.232932657687596523e-01,1.350064456194117302e+00,8.649821072770796926e-01,-2.895950506440380101e-01,-5.702440004726595513e-01,2.505081413590671824e-01,1.128836015629424983e-01,4.554564268047508468e-01,6.400290482514759960e-01,-4.940941806791965263e-02,-1.350744837822394351e-01,8.725342211963836858e-01,-9.027898863018447850e-02,8.988111124311758404e-01,-1.962782464001356642e-01
-3.314239227187666392e-01,1.206983267744907273e+00,1.596241301311838653e-02,2.031703392889553372e-01,1.571907229555562502e+00,7.452316066939640438e-01,1.324397346659372587e+00,9.406854966066106050e-01,9.635895382890499183e-01,3.282852641889502099e-01,-4.400227360015224187e-01,6.731687795355705273e-01,-1.100640210136348725e-02,1.169149907410795830e+00,-1.443775319578723126e-01,6.189564435727346048e-01,1.526583078922449932e+00,9.954074738743494688e-01,2.378801897681667998e-01,1.869716863999713596e-01,-4.396317792183345730e-01,6.805761316864409327e-01,1.427793409588594908e+00,1.977876799261952812e+00,2.366457867405893367e-01,-3.375413319171645665e-01,6.142526321327146377e-01,-8.210101639203051249e-01,5.798339703826406177e-01,6.355241170306750176e-01,-2.131537851566810138e-01,7.569112035388628756e-01,-8.583472855800164947e-01,-3.285416800445161156e-01,1.167017203643053280e+00,9.652948362029400986e-02
-3.319286965505540699e-01,-6.280129092162769489e-01,-5.532278574947169930e-02,-2.857957359505618466e-01,1.415497636308797658e+00,1.245563643694481026e+00,-3.667671208880220191e-02,-3.446070425897355682e-01,-9.041526077435424469e-01,1.377831662615557340e-01,3.398378636226223048e-01,1.049203721423430213e+00,1.891822267566625193e-01,-7.149766168869572946e-02,1.519012524608157055e-01,2.025518564591480830e-01,1.321830851668619022e+00,1.180438933266572787e+00,1.445661906915879813e+00,5.621867791007170018e-02,-5.074521656711361572e-01,2.371519826775691231e-01,-5.899124442438500315e-01,4.949785344477555249e-01,1.158810950157286079e+00,6.697519111531332614e-01,1.860552723805245501e-01,7.963341665981756856e-01,-4.924744537430018054e-01,8.481969269307989556e-01,1.048914915269877124e+00,1.552667642577009843e+00,1.146086826408058368e+00,2.406278961207676814e-01,8.990812745567138276e-01,9.373995540070211019e-02
-4.613888183535857501e-01,8.873393398191220527e-01,2.871788228526371833e-01,-6.821796003665307404e-03,2.071169329340560861e-01,-3.763574845224734733e-01,1.680188397577432990e+00,1.193187453528286479e+00,1.194257740654492750e+00,1.526098291166969219e-02,3.068592532698138919e-01,-4.112644764222755239e-02,-7.210981344493150313e-02,1.396188842904641625e+00,-1.511359177563411649e-01,-2.817054719384871203e-02,-6.930298774403406137e-01,-1.187501912349087640e-01,-6.220699054815449491e-01,-4.693017784023700290e-01,-3.348203026258894099e-01,1.952517793912587729e+00,1.555202114953969872e+00,1.162024692953541383e+00,1.525143919290601335e-01,5.931988813237834002e-01,-1.037831964735256296e+00,-6.196740184366896775e-01,9.705736275488716647e-01,-3.869080008127488424e-01,-6.490916129085206876e-01,-2.108561710173660064e-01,3.114905630662260783e-01,4.758866068617653156e-01,9.650786760891784111e-01,1.450146291508865037e-01
1.602677952322524579e-01,2.709740879135276725e-01,2.989728203373837601e-01,7.076658060733512778e-01,1.296496455172891915e+00,1.292746373067959365e+00,4.818503484263265135e-01,-7.815185174294335679e-01,-4.155740943743196913e-01,1.166646534278579672e+00,-1.084063477459949187e-01,1.344195391977416332e+00,2.356779836101880743e-01,1.036476032133896025e-01,2.227265235667606758e-01,1.088827081717956835e+00,5.618745789479526742e-01,1.265034842528461434e+00,-3.193003368229274108e-01,7.752409878436814505e-01,5.330712799481012176e-01,6.553905158426662769e-01,1.078538141519949534e+00,2.863385079358320429e-01,4.670633885404387731e-02,7.774142632946989817e-01,9.340906524129224953e-02,4.714082125174599569e-01,1.612221320098397248e+00,6.851563181621747600e-02,5.586229593505299684e-01,-1.055443212146884718e-01,1.121296305902356044e-01,-7.593968281220858652e-01,6.319381053227026701e-01,-1.788704134222335596e-01
7.808629464415269006e-02,-7.998195470967542908e-01,-1.994090146745189918e-01,6.500285540489343372e-01,1.795422171863800598e+00,6.171595527705152628e-01,-7.935396082359733039e-02,4.456064118066020430e-01,-3.604737260988369330e-01,1.213561402692365787e+00,-5.990451860346725221e-02,5.388867026849843977e-01,-3.866102540947663480e-01,3.752612393419569314e-01,-3.017775836972297898e-01,1.376786232750132788e+00,1.013354462617847229e+00,5.724731967313057002e-01,-3.747426013824177449e-02,1.057268400113247742e+00,3.167261625906573480e-02,6.062267275520538679e-01,1.163889942754780416e+00,8.058777192837867087e-01,-6.975644381388937942e-01,1.850273928769161080e-01,-4.987177760672351634e-01,6.183673058659329147e-01,1.558149571352325458e+00,3.376202015611617369e-01,1.122598211121984824e-02,-4.355187347637362039e-01,1.437167838049005497e-01,-3.810924139811942002e-01,1.535362796071004565e+00,-6.883257846827114390e-01
-3.460874524136314800e-01,-5.732876276876127664e-01,2.839652982865262243e-01,1.211935676046502541e+00,1.369557717484137127e+00,9.460036828014054544e-01,-2.921410032229931897e-01,5.158232694713477812e-02,-6.084124665553565237e-01,9.155484288652554481e-01,-4.195579491292759644e-01,1.639928298341655211e+00,2.321610586169388646e-01,-2.023842976129497928e-01,-2.592265715465841280e-01,1.526891653230647794e+00,6.824284066420512884e-01,9.303444457742542362e-01,2.820859510464342468e-01,-3.839545346073411358e-01,6.316795270926798267e-01,1.129233940189733776e+00,1.790008798037238336e+00,1.003391993740121890e+00,1.393680723975330826e+00,2.030662985487833028e-01,9.362403189805018622e-02,-6.650147849527388022e-01,1.130271736823010409e+00,-6.927695573789833805e-01,-1.442103080512666391e-01,-1.646799828284022660e-01,4.468402434579185067e-01,-1.545364363547712949e-01,8.599522568313003879e-01,-3.934179563615796682e-01
9.069872973585724196e-01,-4.286073645761357964e-01,-5.752100480622127643e-01,6.882108705759175660e-01,1.544055264207362388e+00,3.011809488332550799e-02,6.961832596710130217e-01,-4.651567990535729336e-01,-4.969905604605046046e-01,3.351460891099596884e-01,2.235876353816918516e-01,6.519360768777084925e-01,7.915951188503070335e-02,6.352386032783836206e-03,-1.207943870976418310e+00,9.544495056693541590e-01,1.189927641705586847e+00,3.562258613065071300e-01,-6.715293429120952062e-01,-4.668054097566102373e-02,7.796727995940752054e-01,7.152948496668620759e-01,8.552648759683011415e-01,-4.361615838074396345e-01,2.770075869378735289e-01,-2.695994458471145383e-01,3.458180073542246324e-01,-4.616863655008091039e-02,-9.270301311144166778e-01,2.843667737753542979e-01,-1.038930022833992384e+00,1.173807955978363848e+00,1.353062461065308808e+00,-3.256807667577315546e-01,-2.485471157782243382e-02,3.989475441002097306e-02
-8.268349447002283359e-01,4.847770096049069943e-01,4.204305295162822920e-01,1.225012929523632499e+00,6.700803136973334517e-01,3.380386958002189468e-01,1.181923468411446354e+00,7.904574481647743678e-01,1.492175861577676121e+00,1.532795310280784751e+00,3.508272160852024535e-01,1.160050591443503087e+00,1.444392030394770765e-01,1.441298881272599086e+00,-3.649826026953679192e-01,2.043918088941002464e-01,1.297594632062299080e+00,1.136666895762400209e+00,1.490561411847985684e-01,-6.631828518573623654e-02,-1.125538274345589951e+00,2.446796275914484564e+00,2.371077605841134250e+00,7.448910186924000421e-01,4.166755776539546319e-01,4.446106327845818912e-02,1.266943065966746329e-01,1.716462030449946163e-01,1.536751419897926407e+00,-3.345247390671551302e-01,3.576768286028488841e-01,3.538308342087327363e-01,-1.274358360102904708e+00,7.341702358108112003e-01,1.328709706865675910e+00,-2.911086321567437074e-01
